review_id,platform,reviewer_id,product_id,product_name,review_text,rating,category,timestamp,has_usable_text,clean_text,reviewer_id_pseudo,review_datetime,review_year,review_month,review_date
KONGA_6639638_001,Konga,2260698,6639638,itec-65-smart-uhd-tv-usb-hdmi-dolby-3840-21600-screen-resolution-one-year-warranty-6639638,Nice tv no issues,5,Electronics,2026-02-04 10:14:18,True,nice tv no issues,USER_0001,2026-02-04 10:14:18,2026,2,2026-02-04
KONGA_6639638_002,Konga,2804386,6639638,itec-65-smart-uhd-tv-usb-hdmi-dolby-3840-21600-screen-resolution-one-year-warranty-6639638,Smooth experience Netflix works fine,5,Electronics,2025-06-22 19:50:54,True,smooth experience netflix works fine,USER_0002,2025-06-22 19:50:54,2025,6,2025-06-22
KONGA_6639717_001,Konga,3457018,6639717,itec-itec-50-smart-uhd-tv-usb-hdmi-dolby-3840-21600-screen-resolution-one-year-warranty-6639717,Meet expectations ,5,Electronics,2026-01-01 16:23:11,True,meet expectations,USER_0003,2026-01-01 16:23:11,2026,1,2026-01-01
KONGA_6639717_002,Konga,4137042,6639717,itec-itec-50-smart-uhd-tv-usb-hdmi-dolby-3840-21600-screen-resolution-one-year-warranty-6639717,Very lovely and working as desired ,4,Electronics,2025-07-26 11:33:09,True,very lovely and working as desired,USER_0004,2025-07-26 11:33:09,2025,7,2025-07-26
KONGA_6639741_001,Konga,1144460,6639741,itec-itec-43-smart-led-full-hd-tv-usb-hdmi-dolby-1920-1080-screen-resolution-one-year-warranty-6639741,Sleek. Efficient. Energy saving. Smart in every sense.,4,Electronics,2025-03-13 13:27:57,True,sleek. efficient. energy saving. smart in every sense.,USER_0005,2025-03-13 13:27:57,2025,3,2025-03-13
KONGA_6300417_001,Konga,461200,6300417,hisense-a4k-43-smart-led-full-hd-tv-with-2-hdmi-2-usb-divx-1-av-black-1year-warranty-6300417,Delivered in good shape,4,Electronics,2024-07-27 16:58:42,True,delivered in good shape,USER_0006,2024-07-27 16:58:42,2024,7,2024-07-27
KONGA_6300417_002,Konga,688494,6300417,hisense-a4k-43-smart-led-full-hd-tv-with-2-hdmi-2-usb-divx-1-av-black-1year-warranty-6300417,Great customer service and the product was delivered on time,5,Electronics,2024-09-08 18:24:54,True,great customer service and the product was delivered on time,USER_0007,2024-09-08 18:24:54,2024,9,2024-09-08
KONGA_6300417_003,Konga,3815913,6300417,hisense-a4k-43-smart-led-full-hd-tv-with-2-hdmi-2-usb-divx-1-av-black-1year-warranty-6300417,Good,4,Electronics,2024-03-26 18:34:17,True,good,USER_0008,2024-03-26 18:34:17,2024,3,2024-03-26
KONGA_6936832_001,Konga,1776291,6936832,itec-43-led-fhd-tv-usb-hdmi-dolby-1920-1080-screen-resolution-6936832,Okay,4,Electronics,2026-03-28 21:12:47,True,okay,USER_0009,2026-03-28 21:12:47,2026,3,2026-03-28
KONGA_6227408_001,Konga,544882,6227408,hisense-55-a6n-uhd-smart-4k-tv-free-wall-bracket-one-year-warranty-6227408,very good TV ,5,Electronics,2025-01-17 06:54:49,True,very good tv,USER_0010,2025-01-17 06:54:49,2025,1,2025-01-17
KONGA_6227408_002,Konga,3849438,6227408,hisense-55-a6n-uhd-smart-4k-tv-free-wall-bracket-one-year-warranty-6227408,Very nice driver,5,Electronics,2024-03-21 08:51:21,True,very nice driver,USER_0011,2024-03-21 08:51:21,2024,3,2024-03-21
KONGA_6305407_001,Konga,2838795,6305407,cerave-facial-moisturizing-lotion-spf-50-for-normal-to-dry-skin-with-3-ceramides-niacinamide-and-vit-e-52ml-6305407,No comment ,5,Beauty,2025-03-18 16:38:47,True,no comment,USER_0012,2025-03-18 16:38:47,2025,3,2025-03-18
KONGA_6304483_001,Konga,1941136,6304483,cerave-hydrating-hyaluronic-acid-serum-with-3-essential-ceramides-hyaluronic-acid-and-vit-b5-30ml-6304483,Love it,5,Beauty,2025-11-08 20:34:25,True,love it,USER_0013,2025-11-08 20:34:25,2025,11,2025-11-08
KONGA_6303051_001,Konga,159401,6303051,cerave-skin-renewing-retinol-serum-with-3-essential-ceramides-and-hyaluronic-acid-30ml-6303051,Fantastic ,5,Beauty,2024-08-05 06:11:54,True,fantastic,USER_0014,2024-08-05 06:11:54,2024,8,2024-08-05
KONGA_6300384_001,Konga,2326202,6300384,la-roche-posay-cicaplast-baume-b5-40ml-6300384,Good!,4,Beauty,2024-10-26 12:15:11,True,good!,USER_0015,2024-10-26 12:15:11,2024,10,2024-10-26
KONGA_6300384_002,Konga,2326202,6300384,la-roche-posay-cicaplast-baume-b5-40ml-6300384,Nice,4,Beauty,2024-12-04 11:09:25,True,nice,USER_0015,2024-12-04 11:09:25,2024,12,2024-12-04
KONGA_6300384_003,Konga,2485748,6300384,la-roche-posay-cicaplast-baume-b5-40ml-6300384,Great,5,Beauty,2026-06-02 13:31:04,True,great,USER_0016,2026-06-02 13:31:04,2026,6,2026-06-02
KONGA_6138374_001,Konga,2168469,6138374,cerave-hydrating-cleanser-for-normal-to-dry-skin-473ml-with-hyaluronic-acid-and-3-essential-ceramides-6138374,This works perfectly and worth it.,5,Beauty,2026-06-12 13:44:16,True,this works perfectly and worth it.,USER_0017,2026-06-12 13:44:16,2026,6,2026-06-12
KONGA_6138374_002,Konga,4230728,6138374,cerave-hydrating-cleanser-for-normal-to-dry-skin-473ml-with-hyaluronic-acid-and-3-essential-ceramides-6138374,,5,Beauty,2026-02-22 17:48:58,False,,USER_0018,2026-02-22 17:48:58,2026,2,2026-02-22
KONGA_6158833_001,Konga,4159701,6158833,cerave-blemish-control-face-cleanser-with-2-salicylic-acid-and-niacinamide-blemish-prone-skin-236ml-6158833,,5,Beauty,2025-11-06 13:53:58,False,,USER_0019,2025-11-06 13:53:58,2025,11,2025-11-06
KONGA_6158833_002,Konga,4220471,6158833,cerave-blemish-control-face-cleanser-with-2-salicylic-acid-and-niacinamide-blemish-prone-skin-236ml-6158833,,4,Beauty,2026-01-27 11:20:15,False,,USER_0020,2026-01-27 11:20:15,2026,1,2026-01-27
KONGA_6265043_001,Konga,1448028,6265043,la-roche-posay-lipikar-moisturising-balm-ap-m-6265043,thank you,5,Beauty,2025-06-19 13:36:53,True,thank you,USER_0021,2025-06-19 13:36:53,2025,6,2025-06-19
KONGA_6158830_001,Konga,2518933,6158830,cerave-moisturising-lotion-for-dry-to-very-dry-skin-236ml-with-hyaluronic-acid-and-3-essential-ceramides-6158830,"Awesome, one of the best moisturizers ",5,Beauty,2026-02-24 16:49:39,True,"awesome, one of the best moisturizers",USER_0022,2026-02-24 16:49:39,2026,2,2026-02-24
KONGA_6158830_002,Konga,2584685,6158830,cerave-moisturising-lotion-for-dry-to-very-dry-skin-236ml-with-hyaluronic-acid-and-3-essential-ceramides-6158830,Timely delivery,5,Beauty,2025-06-12 12:33:24,True,timely delivery,USER_0023,2025-06-12 12:33:24,2025,6,2025-06-12
KONGA_6158830_003,Konga,4176595,6158830,cerave-moisturising-lotion-for-dry-to-very-dry-skin-236ml-with-hyaluronic-acid-and-3-essential-ceramides-6158830,,4,Beauty,2026-06-29 20:38:48,False,,USER_0024,2026-06-29 20:38:48,2026,6,2026-06-29
KONGA_4351181_001,Konga,3034126,4351181,shirt-tucking-stay-4351181,cool.  I love it,3,Fashion,2021-12-13 08:26:20,True,cool. i love it,USER_0025,2021-12-13 08:26:20,2021,12,2021-12-13
KONGA_4351181_002,Konga,3463257,4351181,shirt-tucking-stay-4351181,Good product ,4,Fashion,2023-03-28 10:22:09,True,good product,USER_0026,2023-03-28 10:22:09,2023,3,2023-03-28
KONGA_4351181_003,Konga,3497214,4351181,shirt-tucking-stay-4351181,Its great,5,Fashion,2023-05-14 05:48:42,True,its great,USER_0027,2023-05-14 05:48:42,2023,5,2023-05-14
KONGA_3576858_001,Konga,1939208,3576858,konga-courier-bag-small-bundle-of-20-23cm-x-37cm-3576858,Is too expensive reduce it,1,Fashion,2017-09-21 15:09:07,True,is too expensive reduce it,USER_0028,2017-09-21 15:09:07,2017,9,2017-09-21
KONGA_3576858_002,Konga,35234,3576858,konga-courier-bag-small-bundle-of-20-23cm-x-37cm-3576858,always good to have,5,Fashion,2023-03-06 11:30:37,True,always good to have,USER_0029,2023-03-06 11:30:37,2023,3,2023-03-06
KONGA_3576858_003,Konga,35234,3576858,konga-courier-bag-small-bundle-of-20-23cm-x-37cm-3576858,ok,5,Fashion,2022-08-10 10:24:22,True,ok,USER_0029,2022-08-10 10:24:22,2022,8,2022-08-10
KONGA_3576858_004,Konga,95275,3576858,konga-courier-bag-small-bundle-of-20-23cm-x-37cm-3576858,Too expensive ,3,Fashion,2017-10-13 01:06:00,True,too expensive,USER_0030,2017-10-13 01:06:00,2017,10,2017-10-13
KONGA_3576858_005,Konga,142897,3576858,konga-courier-bag-small-bundle-of-20-23cm-x-37cm-3576858,Does the job ,3,Fashion,2023-01-24 08:04:34,True,does the job,USER_0031,2023-01-24 08:04:34,2023,1,2023-01-24
KONGA_3576858_006,Konga,142897,3576858,konga-courier-bag-small-bundle-of-20-23cm-x-37cm-3576858,Does the job ,4,Fashion,2023-01-24 08:04:08,True,does the job,USER_0031,2023-01-24 08:04:08,2023,1,2023-01-24
KONGA_3576858_007,Konga,146939,3576858,konga-courier-bag-small-bundle-of-20-23cm-x-37cm-3576858,Superb,5,Fashion,2026-01-26 05:41:58,True,superb,USER_0032,2026-01-26 05:41:58,2026,1,2026-01-26
KONGA_3576858_008,Konga,154452,3576858,konga-courier-bag-small-bundle-of-20-23cm-x-37cm-3576858,"Perfectly sized to ship my items, but I'm wondering why its been out of stock for so long, please restock and make available as soon as possible.",3,Fashion,2022-10-17 09:11:57,True,"perfectly sized to ship my items, but i'm wondering why its been out of stock for so long, please restock and make available as soon as possible.",USER_0033,2022-10-17 09:11:57,2022,10,2022-10-17
KONGA_3576858_009,Konga,154452,3576858,konga-courier-bag-small-bundle-of-20-23cm-x-37cm-3576858,Perfect for shipping my items,5,Fashion,2022-10-17 09:09:33,True,perfect for shipping my items,USER_0033,2022-10-17 09:09:33,2022,10,2022-10-17
KONGA_3576858_010,Konga,280390,3576858,konga-courier-bag-small-bundle-of-20-23cm-x-37cm-3576858,Cool,4,Fashion,2024-08-19 10:11:30,True,cool,USER_0034,2024-08-19 10:11:30,2024,8,2024-08-19
KONGA_3576858_011,Konga,313786,3576858,konga-courier-bag-small-bundle-of-20-23cm-x-37cm-3576858,so much delay,5,Fashion,2017-10-23 10:41:11,True,so much delay,USER_0035,2017-10-23 10:41:11,2017,10,2017-10-23
KONGA_3576858_012,Konga,414970,3576858,konga-courier-bag-small-bundle-of-20-23cm-x-37cm-3576858,in good condition,5,Fashion,2023-01-06 13:39:33,True,in good condition,USER_0036,2023-01-06 13:39:33,2023,1,2023-01-06
KONGA_3576858_013,Konga,424570,3576858,konga-courier-bag-small-bundle-of-20-23cm-x-37cm-3576858,good,5,Fashion,2023-12-28 17:48:31,True,good,USER_0037,2023-12-28 17:48:31,2023,12,2023-12-28
KONGA_3576858_014,Konga,424570,3576858,konga-courier-bag-small-bundle-of-20-23cm-x-37cm-3576858,good,5,Fashion,2023-12-28 17:48:01,True,good,USER_0037,2023-12-28 17:48:01,2023,12,2023-12-28
KONGA_3576858_015,Konga,518071,3576858,konga-courier-bag-small-bundle-of-20-23cm-x-37cm-3576858,,4,Fashion,2025-08-19 23:59:36,False,,USER_0038,2025-08-19 23:59:36,2025,8,2025-08-19
KONGA_3576858_016,Konga,524244,3576858,konga-courier-bag-small-bundle-of-20-23cm-x-37cm-3576858,Good quality.,4,Fashion,2023-08-18 07:39:51,True,good quality.,USER_0039,2023-08-18 07:39:51,2023,8,2023-08-18
KONGA_3576858_017,Konga,532030,3576858,konga-courier-bag-small-bundle-of-20-23cm-x-37cm-3576858,Good ,4,Fashion,2022-10-21 08:22:58,True,good,USER_0040,2022-10-21 08:22:58,2022,10,2022-10-21
KONGA_3576858_018,Konga,532030,3576858,konga-courier-bag-small-bundle-of-20-23cm-x-37cm-3576858,GOOD,4,Fashion,2022-11-22 12:25:12,True,good,USER_0040,2022-11-22 12:25:12,2022,11,2022-11-22
KONGA_3576858_019,Konga,532030,3576858,konga-courier-bag-small-bundle-of-20-23cm-x-37cm-3576858,good one,4,Fashion,2022-04-27 05:27:01,True,good one,USER_0040,2022-04-27 05:27:01,2022,4,2022-04-27
KONGA_3576858_020,Konga,543328,3576858,konga-courier-bag-small-bundle-of-20-23cm-x-37cm-3576858,Great,5,Fashion,2023-03-22 14:19:14,True,great,USER_0041,2023-03-22 14:19:14,2023,3,2023-03-22
KONGA_3576858_021,Konga,546481,3576858,konga-courier-bag-small-bundle-of-20-23cm-x-37cm-3576858,good,5,Fashion,2022-04-28 20:52:54,True,good,USER_0042,2022-04-28 20:52:54,2022,4,2022-04-28
KONGA_3576858_022,Konga,551465,3576858,konga-courier-bag-small-bundle-of-20-23cm-x-37cm-3576858,Received promptly.,5,Fashion,2017-09-25 09:28:43,True,received promptly.,USER_0043,2017-09-25 09:28:43,2017,9,2017-09-25
KONGA_3576858_023,Konga,620454,3576858,konga-courier-bag-small-bundle-of-20-23cm-x-37cm-3576858,Good ,4,Fashion,2022-09-06 13:41:00,True,good,USER_0044,2022-09-06 13:41:00,2022,9,2022-09-06
KONGA_3576858_024,Konga,620454,3576858,konga-courier-bag-small-bundle-of-20-23cm-x-37cm-3576858,Good ,5,Fashion,2022-07-26 05:28:08,True,good,USER_0044,2022-07-26 05:28:08,2022,7,2022-07-26
KONGA_3576858_025,Konga,623311,3576858,konga-courier-bag-small-bundle-of-20-23cm-x-37cm-3576858,ok,3,Fashion,2022-03-22 14:28:46,True,ok,USER_0045,2022-03-22 14:28:46,2022,3,2022-03-22
KONGA_3576858_026,Konga,660894,3576858,konga-courier-bag-small-bundle-of-20-23cm-x-37cm-3576858,Nice.,4,Fashion,2022-10-03 17:24:27,True,nice.,USER_0046,2022-10-03 17:24:27,2022,10,2022-10-03
KONGA_3576858_027,Konga,674170,3576858,konga-courier-bag-small-bundle-of-20-23cm-x-37cm-3576858,fine,4,Fashion,2022-03-10 23:05:11,True,fine,USER_0047,2022-03-10 23:05:11,2022,3,2022-03-10
KONGA_3576858_028,Konga,682635,3576858,konga-courier-bag-small-bundle-of-20-23cm-x-37cm-3576858,nice,5,Fashion,2022-07-25 06:18:16,True,nice,USER_0048,2022-07-25 06:18:16,2022,7,2022-07-25
KONGA_3576858_029,Konga,683984,3576858,konga-courier-bag-small-bundle-of-20-23cm-x-37cm-3576858,,3,Fashion,2017-09-14 09:08:33,False,,USER_0049,2017-09-14 09:08:33,2017,9,2017-09-14
KONGA_3576858_030,Konga,692312,3576858,konga-courier-bag-small-bundle-of-20-23cm-x-37cm-3576858,,5,Fashion,2017-09-07 08:17:39,False,,USER_0050,2017-09-07 08:17:39,2017,9,2017-09-07
KONGA_3576858_031,Konga,700461,3576858,konga-courier-bag-small-bundle-of-20-23cm-x-37cm-3576858,the product is okay as usual,5,Fashion,2024-08-02 19:22:26,True,the product is okay as usual,USER_0051,2024-08-02 19:22:26,2024,8,2024-08-02
KONGA_3576858_032,Konga,708692,3576858,konga-courier-bag-small-bundle-of-20-23cm-x-37cm-3576858,NICE,5,Fashion,2022-10-08 17:41:36,True,nice,USER_0052,2022-10-08 17:41:36,2022,10,2022-10-08
KONGA_3576858_033,Konga,746444,3576858,konga-courier-bag-small-bundle-of-20-23cm-x-37cm-3576858,Great ,4,Fashion,2023-07-09 20:39:40,True,great,USER_0053,2023-07-09 20:39:40,2023,7,2023-07-09
KONGA_3576858_034,Konga,752350,3576858,konga-courier-bag-small-bundle-of-20-23cm-x-37cm-3576858,good product,5,Fashion,2023-05-19 18:56:31,True,good product,USER_0054,2023-05-19 18:56:31,2023,5,2023-05-19
KONGA_3576858_035,Konga,762938,3576858,konga-courier-bag-small-bundle-of-20-23cm-x-37cm-3576858,Excellent,4,Fashion,2022-04-19 09:50:44,True,excellent,USER_0055,2022-04-19 09:50:44,2022,4,2022-04-19
KONGA_3576858_036,Konga,811812,3576858,konga-courier-bag-small-bundle-of-20-23cm-x-37cm-3576858,Ok,5,Fashion,2023-05-17 19:43:45,True,ok,USER_0056,2023-05-17 19:43:45,2023,5,2023-05-17
KONGA_3576858_037,Konga,811812,3576858,konga-courier-bag-small-bundle-of-20-23cm-x-37cm-3576858,Ok,5,Fashion,2022-06-14 14:56:58,True,ok,USER_0056,2022-06-14 14:56:58,2022,6,2022-06-14
KONGA_3576858_038,Konga,811812,3576858,konga-courier-bag-small-bundle-of-20-23cm-x-37cm-3576858,Ok,5,Fashion,2023-01-15 08:19:11,True,ok,USER_0056,2023-01-15 08:19:11,2023,1,2023-01-15
KONGA_3576858_039,Konga,811812,3576858,konga-courier-bag-small-bundle-of-20-23cm-x-37cm-3576858,Ok,5,Fashion,2022-06-20 07:29:07,True,ok,USER_0056,2022-06-20 07:29:07,2022,6,2022-06-20
KONGA_3576858_040,Konga,811812,3576858,konga-courier-bag-small-bundle-of-20-23cm-x-37cm-3576858,Great product,5,Fashion,2021-07-06 05:36:34,True,great product,USER_0056,2021-07-06 05:36:34,2021,7,2021-07-06
KONGA_3576858_041,Konga,811812,3576858,konga-courier-bag-small-bundle-of-20-23cm-x-37cm-3576858,Ok,5,Fashion,2023-01-03 23:19:25,True,ok,USER_0056,2023-01-03 23:19:25,2023,1,2023-01-03
KONGA_3576858_042,Konga,811812,3576858,konga-courier-bag-small-bundle-of-20-23cm-x-37cm-3576858,Okay,5,Fashion,2022-06-04 16:56:03,True,okay,USER_0056,2022-06-04 16:56:03,2022,6,2022-06-04
KONGA_3576858_043,Konga,811812,3576858,konga-courier-bag-small-bundle-of-20-23cm-x-37cm-3576858,Ok,5,Fashion,2023-02-02 20:51:58,True,ok,USER_0056,2023-02-02 20:51:58,2023,2,2023-02-02
KONGA_3576858_044,Konga,811812,3576858,konga-courier-bag-small-bundle-of-20-23cm-x-37cm-3576858,Okay,5,Fashion,2022-05-04 08:29:53,True,okay,USER_0056,2022-05-04 08:29:53,2022,5,2022-05-04
KONGA_3576858_045,Konga,811812,3576858,konga-courier-bag-small-bundle-of-20-23cm-x-37cm-3576858,Ok,5,Fashion,2022-09-16 16:14:48,True,ok,USER_0056,2022-09-16 16:14:48,2022,9,2022-09-16
KONGA_3576858_046,Konga,811812,3576858,konga-courier-bag-small-bundle-of-20-23cm-x-37cm-3576858,Ok,5,Fashion,2022-04-19 21:56:12,True,ok,USER_0056,2022-04-19 21:56:12,2022,4,2022-04-19
KONGA_3576858_047,Konga,811812,3576858,konga-courier-bag-small-bundle-of-20-23cm-x-37cm-3576858,Smaller sizes needed,5,Fashion,2024-03-18 08:48:33,True,smaller sizes needed,USER_0056,2024-03-18 08:48:33,2024,3,2024-03-18
KONGA_3576858_048,Konga,811812,3576858,konga-courier-bag-small-bundle-of-20-23cm-x-37cm-3576858,Ok,5,Fashion,2022-05-11 18:11:22,True,ok,USER_0056,2022-05-11 18:11:22,2022,5,2022-05-11
KONGA_3576858_049,Konga,811812,3576858,konga-courier-bag-small-bundle-of-20-23cm-x-37cm-3576858,Ok,5,Fashion,2022-11-21 05:56:48,True,ok,USER_0056,2022-11-21 05:56:48,2022,11,2022-11-21
KONGA_3576858_050,Konga,811812,3576858,konga-courier-bag-small-bundle-of-20-23cm-x-37cm-3576858,Ok,5,Fashion,2022-09-16 16:14:33,True,ok,USER_0056,2022-09-16 16:14:33,2022,9,2022-09-16
KONGA_3576858_051,Konga,811812,3576858,konga-courier-bag-small-bundle-of-20-23cm-x-37cm-3576858,Okay,5,Fashion,2022-10-03 06:51:13,True,okay,USER_0056,2022-10-03 06:51:13,2022,10,2022-10-03
KONGA_3576858_052,Konga,811812,3576858,konga-courier-bag-small-bundle-of-20-23cm-x-37cm-3576858,Ok,5,Fashion,2023-03-30 13:39:43,True,ok,USER_0056,2023-03-30 13:39:43,2023,3,2023-03-30
KONGA_3576858_053,Konga,811812,3576858,konga-courier-bag-small-bundle-of-20-23cm-x-37cm-3576858,Ok,5,Fashion,2022-06-14 14:57:12,True,ok,USER_0056,2022-06-14 14:57:12,2022,6,2022-06-14
KONGA_3576858_054,Konga,811812,3576858,konga-courier-bag-small-bundle-of-20-23cm-x-37cm-3576858,Ok,5,Fashion,2022-04-19 21:56:22,True,ok,USER_0056,2022-04-19 21:56:22,2022,4,2022-04-19
KONGA_3576858_055,Konga,811812,3576858,konga-courier-bag-small-bundle-of-20-23cm-x-37cm-3576858,Good quality,5,Fashion,2022-04-19 21:56:38,True,good quality,USER_0056,2022-04-19 21:56:38,2022,4,2022-04-19
KONGA_3576858_056,Konga,811812,3576858,konga-courier-bag-small-bundle-of-20-23cm-x-37cm-3576858,Smaller sizes required ,5,Fashion,2024-03-18 08:48:19,True,smaller sizes required,USER_0056,2024-03-18 08:48:19,2024,3,2024-03-18
KONGA_3576858_057,Konga,811812,3576858,konga-courier-bag-small-bundle-of-20-23cm-x-37cm-3576858,Ok,4,Fashion,2022-06-04 16:56:18,True,ok,USER_0056,2022-06-04 16:56:18,2022,6,2022-06-04
KONGA_3576858_058,Konga,811812,3576858,konga-courier-bag-small-bundle-of-20-23cm-x-37cm-3576858,Ok,5,Fashion,2022-04-19 21:56:00,True,ok,USER_0056,2022-04-19 21:56:00,2022,4,2022-04-19
KONGA_3576858_059,Konga,811812,3576858,konga-courier-bag-small-bundle-of-20-23cm-x-37cm-3576858,Ok,5,Fashion,2022-04-19 21:53:41,True,ok,USER_0056,2022-04-19 21:53:41,2022,4,2022-04-19
KONGA_3576858_060,Konga,811812,3576858,konga-courier-bag-small-bundle-of-20-23cm-x-37cm-3576858,Ok,5,Fashion,2022-11-21 05:56:31,True,ok,USER_0056,2022-11-21 05:56:31,2022,11,2022-11-21
KONGA_3576858_061,Konga,811812,3576858,konga-courier-bag-small-bundle-of-20-23cm-x-37cm-3576858,Ok,5,Fashion,2022-04-19 21:53:23,True,ok,USER_0056,2022-04-19 21:53:23,2022,4,2022-04-19
KONGA_3576858_062,Konga,838437,3576858,konga-courier-bag-small-bundle-of-20-23cm-x-37cm-3576858,Smells well,5,Fashion,2024-10-04 22:38:59,True,smells well,USER_0057,2024-10-04 22:38:59,2024,10,2024-10-04
KONGA_3576858_063,Konga,838437,3576858,konga-courier-bag-small-bundle-of-20-23cm-x-37cm-3576858,good,5,Fashion,2022-06-22 19:23:16,True,good,USER_0057,2022-06-22 19:23:16,2022,6,2022-06-22
KONGA_3576858_064,Konga,840597,3576858,konga-courier-bag-small-bundle-of-20-23cm-x-37cm-3576858,perfect,5,Fashion,2022-10-01 15:16:31,True,perfect,USER_0058,2022-10-01 15:16:31,2022,10,2022-10-01
KONGA_3576858_065,Konga,851368,3576858,konga-courier-bag-small-bundle-of-20-23cm-x-37cm-3576858,good taste,5,Fashion,2023-02-01 09:57:19,True,good taste,USER_0059,2023-02-01 09:57:19,2023,2,2023-02-01
KONGA_3576858_066,Konga,869088,3576858,konga-courier-bag-small-bundle-of-20-23cm-x-37cm-3576858,thanks.,4,Fashion,2022-10-03 12:15:56,True,thanks.,USER_0060,2022-10-03 12:15:56,2022,10,2022-10-03
KONGA_3576858_067,Konga,869088,3576858,konga-courier-bag-small-bundle-of-20-23cm-x-37cm-3576858,quick delivery. thanks.,4,Fashion,2022-10-03 12:15:17,True,quick delivery. thanks.,USER_0060,2022-10-03 12:15:17,2022,10,2022-10-03
KONGA_3576858_068,Konga,869088,3576858,konga-courier-bag-small-bundle-of-20-23cm-x-37cm-3576858,good.,4,Fashion,2022-10-03 12:14:38,True,good.,USER_0060,2022-10-03 12:14:38,2022,10,2022-10-03
KONGA_3576858_069,Konga,869101,3576858,konga-courier-bag-small-bundle-of-20-23cm-x-37cm-3576858,ok,5,Fashion,2023-01-22 08:01:57,True,ok,USER_0061,2023-01-22 08:01:57,2023,1,2023-01-22
KONGA_3576858_070,Konga,886379,3576858,konga-courier-bag-small-bundle-of-20-23cm-x-37cm-3576858,lovely,5,Fashion,2023-09-22 15:21:16,True,lovely,USER_0062,2023-09-22 15:21:16,2023,9,2023-09-22
KONGA_3576858_071,Konga,891058,3576858,konga-courier-bag-small-bundle-of-20-23cm-x-37cm-3576858,Okay,5,Fashion,2023-01-25 08:07:02,True,okay,USER_0063,2023-01-25 08:07:02,2023,1,2023-01-25
KONGA_3576858_072,Konga,900719,3576858,konga-courier-bag-small-bundle-of-20-23cm-x-37cm-3576858,Good,5,Fashion,2022-08-17 17:36:36,True,good,USER_0064,2022-08-17 17:36:36,2022,8,2022-08-17
KONGA_3576858_073,Konga,900719,3576858,konga-courier-bag-small-bundle-of-20-23cm-x-37cm-3576858,Excellent thanks ,5,Fashion,2022-08-17 17:36:00,True,excellent thanks,USER_0064,2022-08-17 17:36:00,2022,8,2022-08-17
KONGA_3576858_074,Konga,903848,3576858,konga-courier-bag-small-bundle-of-20-23cm-x-37cm-3576858,good,5,Fashion,2022-10-30 13:39:17,True,good,USER_0065,2022-10-30 13:39:17,2022,10,2022-10-30
KONGA_3576858_075,Konga,904440,3576858,konga-courier-bag-small-bundle-of-20-23cm-x-37cm-3576858,NICE ONE ,5,Fashion,2017-09-18 09:20:14,True,nice one,USER_0066,2017-09-18 09:20:14,2017,9,2017-09-18
KONGA_3576858_076,Konga,953970,3576858,konga-courier-bag-small-bundle-of-20-23cm-x-37cm-3576858,ok,3,Fashion,2024-07-03 17:04:08,True,ok,USER_0067,2024-07-03 17:04:08,2024,7,2024-07-03
KONGA_3576858_077,Konga,953970,3576858,konga-courier-bag-small-bundle-of-20-23cm-x-37cm-3576858,good,4,Fashion,2023-04-21 17:55:46,True,good,USER_0067,2023-04-21 17:55:46,2023,4,2023-04-21
KONGA_3576858_078,Konga,953970,3576858,konga-courier-bag-small-bundle-of-20-23cm-x-37cm-3576858,ok,3,Fashion,2024-01-23 04:23:44,True,ok,USER_0067,2024-01-23 04:23:44,2024,1,2024-01-23
KONGA_3576858_079,Konga,986901,3576858,konga-courier-bag-small-bundle-of-20-23cm-x-37cm-3576858,ok,5,Fashion,2022-08-05 19:48:33,True,ok,USER_0068,2022-08-05 19:48:33,2022,8,2022-08-05
KONGA_3576858_080,Konga,986901,3576858,konga-courier-bag-small-bundle-of-20-23cm-x-37cm-3576858,Good,5,Fashion,2022-05-12 21:49:46,True,good,USER_0068,2022-05-12 21:49:46,2022,5,2022-05-12
KONGA_3576858_081,Konga,986901,3576858,konga-courier-bag-small-bundle-of-20-23cm-x-37cm-3576858,nice,5,Fashion,2022-04-08 19:08:31,True,nice,USER_0068,2022-04-08 19:08:31,2022,4,2022-04-08
KONGA_3576858_082,Konga,986901,3576858,konga-courier-bag-small-bundle-of-20-23cm-x-37cm-3576858,nice,5,Fashion,2022-04-08 19:08:46,True,nice,USER_0068,2022-04-08 19:08:46,2022,4,2022-04-08
KONGA_3576858_083,Konga,1005233,3576858,konga-courier-bag-small-bundle-of-20-23cm-x-37cm-3576858,as is,5,Fashion,2022-08-16 16:14:04,True,as is,USER_0069,2022-08-16 16:14:04,2022,8,2022-08-16
KONGA_3576858_084,Konga,1026908,3576858,konga-courier-bag-small-bundle-of-20-23cm-x-37cm-3576858,EXCELLENT,5,Fashion,2024-10-07 23:05:49,True,excellent,USER_0070,2024-10-07 23:05:49,2024,10,2024-10-07
KONGA_3576858_085,Konga,1033669,3576858,konga-courier-bag-small-bundle-of-20-23cm-x-37cm-3576858,Good,4,Fashion,2023-03-18 15:12:33,True,good,USER_0071,2023-03-18 15:12:33,2023,3,2023-03-18
KONGA_3576858_086,Konga,1033669,3576858,konga-courier-bag-small-bundle-of-20-23cm-x-37cm-3576858,very good,4,Fashion,2023-03-18 15:11:59,True,very good,USER_0071,2023-03-18 15:11:59,2023,3,2023-03-18
KONGA_3576858_087,Konga,1037142,3576858,konga-courier-bag-small-bundle-of-20-23cm-x-37cm-3576858,Fairly good product,3,Fashion,2017-09-18 08:06:24,True,fairly good product,USER_0072,2017-09-18 08:06:24,2017,9,2017-09-18
KONGA_3576858_088,Konga,1040980,3576858,konga-courier-bag-small-bundle-of-20-23cm-x-37cm-3576858,Receivec intact,4,Fashion,2024-11-02 13:11:37,True,receivec intact,USER_0073,2024-11-02 13:11:37,2024,11,2024-11-02
KONGA_3576858_089,Konga,1061611,3576858,konga-courier-bag-small-bundle-of-20-23cm-x-37cm-3576858,good nylon,5,Fashion,2022-07-10 23:33:36,True,good nylon,USER_0074,2022-07-10 23:33:36,2022,7,2022-07-10
KONGA_3576858_090,Konga,1061611,3576858,konga-courier-bag-small-bundle-of-20-23cm-x-37cm-3576858,Good one,5,Fashion,2024-11-04 11:38:38,True,good one,USER_0074,2024-11-04 11:38:38,2024,11,2024-11-04
KONGA_3576858_091,Konga,1061611,3576858,konga-courier-bag-small-bundle-of-20-23cm-x-37cm-3576858,ok,4,Fashion,2022-08-28 07:54:57,True,ok,USER_0074,2022-08-28 07:54:57,2022,8,2022-08-28
KONGA_3576858_092,Konga,1061611,3576858,konga-courier-bag-small-bundle-of-20-23cm-x-37cm-3576858,affordable,4,Fashion,2022-08-28 07:55:13,True,affordable,USER_0074,2022-08-28 07:55:13,2022,8,2022-08-28
KONGA_3576858_093,Konga,1061611,3576858,konga-courier-bag-small-bundle-of-20-23cm-x-37cm-3576858,good,4,Fashion,2022-08-28 07:54:43,True,good,USER_0074,2022-08-28 07:54:43,2022,8,2022-08-28
KONGA_3576858_094,Konga,1061611,3576858,konga-courier-bag-small-bundle-of-20-23cm-x-37cm-3576858,nice,4,Fashion,2022-08-28 07:55:29,True,nice,USER_0074,2022-08-28 07:55:29,2022,8,2022-08-28
KONGA_3576858_095,Konga,1069384,3576858,konga-courier-bag-small-bundle-of-20-23cm-x-37cm-3576858,Good product ,5,Fashion,2022-08-06 08:53:41,True,good product,USER_0075,2022-08-06 08:53:41,2022,8,2022-08-06
KONGA_3576858_096,Konga,1069384,3576858,konga-courier-bag-small-bundle-of-20-23cm-x-37cm-3576858,Useful,4,Fashion,2022-08-12 15:53:08,True,useful,USER_0075,2022-08-12 15:53:08,2022,8,2022-08-12
KONGA_3576858_097,Konga,1094091,3576858,konga-courier-bag-small-bundle-of-20-23cm-x-37cm-3576858,,5,Fashion,2017-10-30 08:37:54,False,,USER_0076,2017-10-30 08:37:54,2017,10,2017-10-30
KONGA_3576858_098,Konga,1109202,3576858,konga-courier-bag-small-bundle-of-20-23cm-x-37cm-3576858,,5,Fashion,2017-10-08 07:13:23,False,,USER_0077,2017-10-08 07:13:23,2017,10,2017-10-08
KONGA_3576858_099,Konga,1133170,3576858,konga-courier-bag-small-bundle-of-20-23cm-x-37cm-3576858,I am happy with the product. ,5,Fashion,2021-09-28 15:13:19,True,i am happy with the product.,USER_0078,2021-09-28 15:13:19,2021,9,2021-09-28
KONGA_3576858_100,Konga,1136605,3576858,konga-courier-bag-small-bundle-of-20-23cm-x-37cm-3576858,,4,Fashion,2017-09-20 06:00:38,False,,USER_0079,2017-09-20 06:00:38,2017,9,2017-09-20
KONGA_3576858_101,Konga,1157375,3576858,konga-courier-bag-small-bundle-of-20-23cm-x-37cm-3576858,Good ,5,Fashion,2022-05-20 19:30:34,True,good,USER_0080,2022-05-20 19:30:34,2022,5,2022-05-20
KONGA_3576858_102,Konga,1163947,3576858,konga-courier-bag-small-bundle-of-20-23cm-x-37cm-3576858,This Product is Awesome,5,Fashion,2017-09-12 00:57:14,True,this product is awesome,USER_0081,2017-09-12 00:57:14,2017,9,2017-09-12
KONGA_3576858_103,Konga,1167960,3576858,konga-courier-bag-small-bundle-of-20-23cm-x-37cm-3576858,Great ,4,Fashion,2024-09-25 14:45:03,True,great,USER_0082,2024-09-25 14:45:03,2024,9,2024-09-25
KONGA_3576858_104,Konga,1177051,3576858,konga-courier-bag-small-bundle-of-20-23cm-x-37cm-3576858,nice,5,Fashion,2022-07-28 16:17:39,True,nice,USER_0083,2022-07-28 16:17:39,2022,7,2022-07-28
KONGA_3576858_105,Konga,1177051,3576858,konga-courier-bag-small-bundle-of-20-23cm-x-37cm-3576858,good and affordable,5,Fashion,2022-08-20 09:01:51,True,good and affordable,USER_0083,2022-08-20 09:01:51,2022,8,2022-08-20
KONGA_3576858_106,Konga,1186393,3576858,konga-courier-bag-small-bundle-of-20-23cm-x-37cm-3576858,Good,5,Fashion,2024-11-18 15:13:33,True,good,USER_0084,2024-11-18 15:13:33,2024,11,2024-11-18
KONGA_3576858_107,Konga,1190196,3576858,konga-courier-bag-small-bundle-of-20-23cm-x-37cm-3576858,Good,5,Fashion,2022-10-27 12:42:43,True,good,USER_0085,2022-10-27 12:42:43,2022,10,2022-10-27
KONGA_3576858_108,Konga,1190196,3576858,konga-courier-bag-small-bundle-of-20-23cm-x-37cm-3576858,Good,5,Fashion,2022-05-07 06:28:02,True,good,USER_0085,2022-05-07 06:28:02,2022,5,2022-05-07
KONGA_3576858_109,Konga,1190196,3576858,konga-courier-bag-small-bundle-of-20-23cm-x-37cm-3576858,Good,5,Fashion,2021-05-23 23:11:04,True,good,USER_0085,2021-05-23 23:11:04,2021,5,2021-05-23
KONGA_3576858_110,Konga,1190196,3576858,konga-courier-bag-small-bundle-of-20-23cm-x-37cm-3576858,ok,4,Fashion,2022-12-01 01:47:05,True,ok,USER_0085,2022-12-01 01:47:05,2022,12,2022-12-01
KONGA_3576858_111,Konga,1190196,3576858,konga-courier-bag-small-bundle-of-20-23cm-x-37cm-3576858,Good,5,Fashion,2022-06-24 03:04:27,True,good,USER_0085,2022-06-24 03:04:27,2022,6,2022-06-24
KONGA_3576858_112,Konga,1190196,3576858,konga-courier-bag-small-bundle-of-20-23cm-x-37cm-3576858,Good,5,Fashion,2022-06-24 03:05:03,True,good,USER_0085,2022-06-24 03:05:03,2022,6,2022-06-24
KONGA_3576858_113,Konga,1190196,3576858,konga-courier-bag-small-bundle-of-20-23cm-x-37cm-3576858,Good,5,Fashion,2022-10-27 12:43:17,True,good,USER_0085,2022-10-27 12:43:17,2022,10,2022-10-27
KONGA_3576858_114,Konga,1193083,3576858,konga-courier-bag-small-bundle-of-20-23cm-x-37cm-3576858,Excellent!! ,4,Fashion,2024-08-16 16:21:18,True,excellent!!,USER_0086,2024-08-16 16:21:18,2024,8,2024-08-16
KONGA_3576858_115,Konga,1208943,3576858,konga-courier-bag-small-bundle-of-20-23cm-x-37cm-3576858,good,5,Fashion,2022-08-22 16:57:26,True,good,USER_0087,2022-08-22 16:57:26,2022,8,2022-08-22
KONGA_3576858_116,Konga,1208943,3576858,konga-courier-bag-small-bundle-of-20-23cm-x-37cm-3576858,Good,5,Fashion,2024-11-04 11:41:48,True,good,USER_0087,2024-11-04 11:41:48,2024,11,2024-11-04
KONGA_3576858_117,Konga,1223210,3576858,konga-courier-bag-small-bundle-of-20-23cm-x-37cm-3576858,YES I AM HAPPY WITH YHE NEW ORDER THANK YOU VERY MUCH KONGA.,5,Fashion,2017-09-18 10:39:26,True,yes i am happy with yhe new order thank you very much konga.,USER_0088,2017-09-18 10:39:26,2017,9,2017-09-18
KONGA_3576858_118,Konga,1271270,3576858,konga-courier-bag-small-bundle-of-20-23cm-x-37cm-3576858,"Good quality, fast delivery ",5,Fashion,2022-07-10 06:35:15,True,"good quality, fast delivery",USER_0089,2022-07-10 06:35:15,2022,7,2022-07-10
KONGA_3576858_119,Konga,1338888,3576858,konga-courier-bag-small-bundle-of-20-23cm-x-37cm-3576858,Good deal ,5,Fashion,2023-01-10 04:16:06,True,good deal,USER_0090,2023-01-10 04:16:06,2023,1,2023-01-10
KONGA_3576858_120,Konga,1345179,3576858,konga-courier-bag-small-bundle-of-20-23cm-x-37cm-3576858,Nice job,4,Fashion,2023-06-18 20:22:30,True,nice job,USER_0091,2023-06-18 20:22:30,2023,6,2023-06-18
KONGA_3576858_121,Konga,1363720,3576858,konga-courier-bag-small-bundle-of-20-23cm-x-37cm-3576858,Ok,4,Fashion,2025-01-14 06:38:17,True,ok,USER_0092,2025-01-14 06:38:17,2025,1,2025-01-14
KONGA_3576858_122,Konga,1363720,3576858,konga-courier-bag-small-bundle-of-20-23cm-x-37cm-3576858,Ok,3,Fashion,2025-01-14 06:38:44,True,ok,USER_0092,2025-01-14 06:38:44,2025,1,2025-01-14
KONGA_3576858_123,Konga,1363720,3576858,konga-courier-bag-small-bundle-of-20-23cm-x-37cm-3576858,ok,5,Fashion,2022-03-11 11:40:53,True,ok,USER_0092,2022-03-11 11:40:53,2022,3,2022-03-11
KONGA_3576858_124,Konga,1363720,3576858,konga-courier-bag-small-bundle-of-20-23cm-x-37cm-3576858,Good ,4,Fashion,2025-01-14 06:38:03,True,good,USER_0092,2025-01-14 06:38:03,2025,1,2025-01-14
KONGA_3576858_125,Konga,1363720,3576858,konga-courier-bag-small-bundle-of-20-23cm-x-37cm-3576858,ok,5,Fashion,2022-03-11 11:38:46,True,ok,USER_0092,2022-03-11 11:38:46,2022,3,2022-03-11
KONGA_3576858_126,Konga,1363720,3576858,konga-courier-bag-small-bundle-of-20-23cm-x-37cm-3576858,ok,5,Fashion,2023-04-20 13:47:46,True,ok,USER_0092,2023-04-20 13:47:46,2023,4,2023-04-20
KONGA_3576858_127,Konga,1363720,3576858,konga-courier-bag-small-bundle-of-20-23cm-x-37cm-3576858,ok,4,Fashion,2023-04-20 13:01:34,True,ok,USER_0092,2023-04-20 13:01:34,2023,4,2023-04-20
KONGA_3576858_128,Konga,1363720,3576858,konga-courier-bag-small-bundle-of-20-23cm-x-37cm-3576858,ok,5,Fashion,2023-04-20 13:41:52,True,ok,USER_0092,2023-04-20 13:41:52,2023,4,2023-04-20
KONGA_3576858_129,Konga,1363720,3576858,konga-courier-bag-small-bundle-of-20-23cm-x-37cm-3576858,ok,5,Fashion,2022-11-27 20:18:39,True,ok,USER_0092,2022-11-27 20:18:39,2022,11,2022-11-27
KONGA_3576858_130,Konga,1363720,3576858,konga-courier-bag-small-bundle-of-20-23cm-x-37cm-3576858,good,5,Fashion,2023-09-18 12:18:30,True,good,USER_0092,2023-09-18 12:18:30,2023,9,2023-09-18
KONGA_3576858_131,Konga,1363720,3576858,konga-courier-bag-small-bundle-of-20-23cm-x-37cm-3576858,ok,3,Fashion,2024-09-03 12:44:24,True,ok,USER_0092,2024-09-03 12:44:24,2024,9,2024-09-03
KONGA_3576858_132,Konga,1363720,3576858,konga-courier-bag-small-bundle-of-20-23cm-x-37cm-3576858,ok,5,Fashion,2022-11-27 20:20:01,True,ok,USER_0092,2022-11-27 20:20:01,2022,11,2022-11-27
KONGA_3576858_133,Konga,1363720,3576858,konga-courier-bag-small-bundle-of-20-23cm-x-37cm-3576858,ok,5,Fashion,2022-03-11 11:40:33,True,ok,USER_0092,2022-03-11 11:40:33,2022,3,2022-03-11
KONGA_3576858_134,Konga,1363720,3576858,konga-courier-bag-small-bundle-of-20-23cm-x-37cm-3576858,ok,5,Fashion,2022-03-11 11:38:19,True,ok,USER_0092,2022-03-11 11:38:19,2022,3,2022-03-11
KONGA_3576858_135,Konga,1363720,3576858,konga-courier-bag-small-bundle-of-20-23cm-x-37cm-3576858,Ok,4,Fashion,2024-08-02 21:08:23,True,ok,USER_0092,2024-08-02 21:08:23,2024,8,2024-08-02
KONGA_3576858_136,Konga,1363720,3576858,konga-courier-bag-small-bundle-of-20-23cm-x-37cm-3576858,good,5,Fashion,2023-09-18 12:15:30,True,good,USER_0092,2023-09-18 12:15:30,2023,9,2023-09-18
KONGA_3576858_137,Konga,1363720,3576858,konga-courier-bag-small-bundle-of-20-23cm-x-37cm-3576858,Ok,4,Fashion,2025-01-14 06:37:33,True,ok,USER_0092,2025-01-14 06:37:33,2025,1,2025-01-14
KONGA_3576858_138,Konga,1363720,3576858,konga-courier-bag-small-bundle-of-20-23cm-x-37cm-3576858,Nice ,3,Fashion,2024-11-02 15:07:26,True,nice,USER_0092,2024-11-02 15:07:26,2024,11,2024-11-02
KONGA_3576858_139,Konga,1363720,3576858,konga-courier-bag-small-bundle-of-20-23cm-x-37cm-3576858,Ok,4,Fashion,2024-08-02 21:06:48,True,ok,USER_0092,2024-08-02 21:06:48,2024,8,2024-08-02
KONGA_3576858_140,Konga,1363720,3576858,konga-courier-bag-small-bundle-of-20-23cm-x-37cm-3576858,thanks,5,Fashion,2024-09-03 12:42:39,True,thanks,USER_0092,2024-09-03 12:42:39,2024,9,2024-09-03
KONGA_3576858_141,Konga,1363720,3576858,konga-courier-bag-small-bundle-of-20-23cm-x-37cm-3576858,Ok,4,Fashion,2025-01-14 06:38:31,True,ok,USER_0092,2025-01-14 06:38:31,2025,1,2025-01-14
KONGA_3576858_142,Konga,1363720,3576858,konga-courier-bag-small-bundle-of-20-23cm-x-37cm-3576858,Ok,4,Fashion,2024-03-18 04:25:34,True,ok,USER_0092,2024-03-18 04:25:34,2024,3,2024-03-18
KONGA_3576858_143,Konga,1363720,3576858,konga-courier-bag-small-bundle-of-20-23cm-x-37cm-3576858,good,5,Fashion,2023-09-18 12:17:34,True,good,USER_0092,2023-09-18 12:17:34,2023,9,2023-09-18
KONGA_3576858_144,Konga,1363720,3576858,konga-courier-bag-small-bundle-of-20-23cm-x-37cm-3576858,ok,5,Fashion,2023-04-20 13:20:23,True,ok,USER_0092,2023-04-20 13:20:23,2023,4,2023-04-20
KONGA_3576858_145,Konga,1363720,3576858,konga-courier-bag-small-bundle-of-20-23cm-x-37cm-3576858,good,5,Fashion,2023-09-18 12:14:58,True,good,USER_0092,2023-09-18 12:14:58,2023,9,2023-09-18
KONGA_3576858_146,Konga,1363720,3576858,konga-courier-bag-small-bundle-of-20-23cm-x-37cm-3576858,Ok,4,Fashion,2024-08-02 21:07:48,True,ok,USER_0092,2024-08-02 21:07:48,2024,8,2024-08-02
KONGA_3576858_147,Konga,1363720,3576858,konga-courier-bag-small-bundle-of-20-23cm-x-37cm-3576858,ok,5,Fashion,2023-04-20 13:27:45,True,ok,USER_0092,2023-04-20 13:27:45,2023,4,2023-04-20
KONGA_3576858_148,Konga,1363720,3576858,konga-courier-bag-small-bundle-of-20-23cm-x-37cm-3576858,Good ,4,Fashion,2024-04-29 10:12:06,True,good,USER_0092,2024-04-29 10:12:06,2024,4,2024-04-29
KONGA_3576858_149,Konga,1363720,3576858,konga-courier-bag-small-bundle-of-20-23cm-x-37cm-3576858,good,5,Fashion,2023-09-18 12:17:09,True,good,USER_0092,2023-09-18 12:17:09,2023,9,2023-09-18
KONGA_3576858_150,Konga,1363720,3576858,konga-courier-bag-small-bundle-of-20-23cm-x-37cm-3576858,ok,4,Fashion,2023-04-20 13:22:15,True,ok,USER_0092,2023-04-20 13:22:15,2023,4,2023-04-20
KONGA_3576858_151,Konga,1363720,3576858,konga-courier-bag-small-bundle-of-20-23cm-x-37cm-3576858,ok,5,Fashion,2023-04-20 13:42:52,True,ok,USER_0092,2023-04-20 13:42:52,2023,4,2023-04-20
KONGA_3576858_152,Konga,1363720,3576858,konga-courier-bag-small-bundle-of-20-23cm-x-37cm-3576858,Ok,4,Fashion,2024-03-18 04:26:04,True,ok,USER_0092,2024-03-18 04:26:04,2024,3,2024-03-18
KONGA_3576858_153,Konga,1363720,3576858,konga-courier-bag-small-bundle-of-20-23cm-x-37cm-3576858,Good ,4,Fashion,2024-11-02 15:08:08,True,good,USER_0092,2024-11-02 15:08:08,2024,11,2024-11-02
KONGA_3576858_154,Konga,1363720,3576858,konga-courier-bag-small-bundle-of-20-23cm-x-37cm-3576858,ok,4,Fashion,2022-11-27 20:16:36,True,ok,USER_0092,2022-11-27 20:16:36,2022,11,2022-11-27
KONGA_3576858_155,Konga,1363720,3576858,konga-courier-bag-small-bundle-of-20-23cm-x-37cm-3576858,Ok,4,Fashion,2024-08-02 21:07:30,True,ok,USER_0092,2024-08-02 21:07:30,2024,8,2024-08-02
KONGA_3576858_156,Konga,1363720,3576858,konga-courier-bag-small-bundle-of-20-23cm-x-37cm-3576858,ok,4,Fashion,2023-04-20 12:55:03,True,ok,USER_0092,2023-04-20 12:55:03,2023,4,2023-04-20
KONGA_3576858_157,Konga,1363720,3576858,konga-courier-bag-small-bundle-of-20-23cm-x-37cm-3576858,ok,5,Fashion,2022-03-11 11:31:34,True,ok,USER_0092,2022-03-11 11:31:34,2022,3,2022-03-11
KONGA_3576858_158,Konga,1363720,3576858,konga-courier-bag-small-bundle-of-20-23cm-x-37cm-3576858,ok,5,Fashion,2023-04-20 13:04:41,True,ok,USER_0092,2023-04-20 13:04:41,2023,4,2023-04-20
KONGA_3576858_159,Konga,1363720,3576858,konga-courier-bag-small-bundle-of-20-23cm-x-37cm-3576858,ok,5,Fashion,2022-03-11 11:36:40,True,ok,USER_0092,2022-03-11 11:36:40,2022,3,2022-03-11
KONGA_3576858_160,Konga,1363720,3576858,konga-courier-bag-small-bundle-of-20-23cm-x-37cm-3576858,ok,5,Fashion,2023-04-20 13:51:43,True,ok,USER_0092,2023-04-20 13:51:43,2023,4,2023-04-20
KONGA_3576858_161,Konga,1363720,3576858,konga-courier-bag-small-bundle-of-20-23cm-x-37cm-3576858,ok,4,Fashion,2023-04-20 13:39:41,True,ok,USER_0092,2023-04-20 13:39:41,2023,4,2023-04-20
KONGA_3576858_162,Konga,1363720,3576858,konga-courier-bag-small-bundle-of-20-23cm-x-37cm-3576858,ok,5,Fashion,2022-03-11 11:36:59,True,ok,USER_0092,2022-03-11 11:36:59,2022,3,2022-03-11
KONGA_3576858_163,Konga,1363720,3576858,konga-courier-bag-small-bundle-of-20-23cm-x-37cm-3576858,ok,4,Fashion,2023-04-20 13:34:01,True,ok,USER_0092,2023-04-20 13:34:01,2023,4,2023-04-20
KONGA_3576858_164,Konga,1363720,3576858,konga-courier-bag-small-bundle-of-20-23cm-x-37cm-3576858,good,5,Fashion,2023-09-18 12:14:19,True,good,USER_0092,2023-09-18 12:14:19,2023,9,2023-09-18
KONGA_3576858_165,Konga,1363720,3576858,konga-courier-bag-small-bundle-of-20-23cm-x-37cm-3576858,good,5,Fashion,2023-09-18 12:10:36,True,good,USER_0092,2023-09-18 12:10:36,2023,9,2023-09-18
KONGA_3576858_166,Konga,1363720,3576858,konga-courier-bag-small-bundle-of-20-23cm-x-37cm-3576858,ok,5,Fashion,2022-03-11 11:31:19,True,ok,USER_0092,2022-03-11 11:31:19,2022,3,2022-03-11
KONGA_3576858_167,Konga,1363720,3576858,konga-courier-bag-small-bundle-of-20-23cm-x-37cm-3576858,ok,5,Fashion,2022-03-11 11:37:17,True,ok,USER_0092,2022-03-11 11:37:17,2022,3,2022-03-11
KONGA_3576858_168,Konga,1363720,3576858,konga-courier-bag-small-bundle-of-20-23cm-x-37cm-3576858,Good ,4,Fashion,2024-11-02 15:11:09,True,good,USER_0092,2024-11-02 15:11:09,2024,11,2024-11-02
KONGA_3576858_169,Konga,1363720,3576858,konga-courier-bag-small-bundle-of-20-23cm-x-37cm-3576858,ok,5,Fashion,2022-03-11 10:54:57,True,ok,USER_0092,2022-03-11 10:54:57,2022,3,2022-03-11
KONGA_3576858_170,Konga,1363720,3576858,konga-courier-bag-small-bundle-of-20-23cm-x-37cm-3576858,ok,5,Fashion,2023-04-20 13:06:12,True,ok,USER_0092,2023-04-20 13:06:12,2023,4,2023-04-20
KONGA_3576858_171,Konga,1363720,3576858,konga-courier-bag-small-bundle-of-20-23cm-x-37cm-3576858,ok,5,Fashion,2023-04-20 13:40:11,True,ok,USER_0092,2023-04-20 13:40:11,2023,4,2023-04-20
KONGA_3576858_172,Konga,1363720,3576858,konga-courier-bag-small-bundle-of-20-23cm-x-37cm-3576858,ok,5,Fashion,2023-04-20 13:26:52,True,ok,USER_0092,2023-04-20 13:26:52,2023,4,2023-04-20
KONGA_3576858_173,Konga,1363720,3576858,konga-courier-bag-small-bundle-of-20-23cm-x-37cm-3576858,ok,5,Fashion,2022-03-11 11:32:40,True,ok,USER_0092,2022-03-11 11:32:40,2022,3,2022-03-11
KONGA_3576858_174,Konga,1363720,3576858,konga-courier-bag-small-bundle-of-20-23cm-x-37cm-3576858,good,5,Fashion,2023-09-18 12:18:03,True,good,USER_0092,2023-09-18 12:18:03,2023,9,2023-09-18
KONGA_3576858_175,Konga,1363720,3576858,konga-courier-bag-small-bundle-of-20-23cm-x-37cm-3576858,Good ,4,Fashion,2024-04-29 10:12:29,True,good,USER_0092,2024-04-29 10:12:29,2024,4,2024-04-29
KONGA_3576858_176,Konga,1363720,3576858,konga-courier-bag-small-bundle-of-20-23cm-x-37cm-3576858,ok,5,Fashion,2023-04-20 13:49:15,True,ok,USER_0092,2023-04-20 13:49:15,2023,4,2023-04-20
KONGA_3576858_177,Konga,1363720,3576858,konga-courier-bag-small-bundle-of-20-23cm-x-37cm-3576858,Ok,4,Fashion,2024-03-18 04:25:16,True,ok,USER_0092,2024-03-18 04:25:16,2024,3,2024-03-18
KONGA_3576858_178,Konga,1377113,3576858,konga-courier-bag-small-bundle-of-20-23cm-x-37cm-3576858,Awesome ,5,Fashion,2026-06-29 11:48:44,True,awesome,USER_0093,2026-06-29 11:48:44,2026,6,2026-06-29
KONGA_3576858_179,Konga,1382377,3576858,konga-courier-bag-small-bundle-of-20-23cm-x-37cm-3576858,good,4,Fashion,2024-12-20 13:05:29,True,good,USER_0094,2024-12-20 13:05:29,2024,12,2024-12-20
KONGA_3576858_180,Konga,1384162,3576858,konga-courier-bag-small-bundle-of-20-23cm-x-37cm-3576858,,4,Fashion,2017-09-15 11:08:02,False,,USER_0095,2017-09-15 11:08:02,2017,9,2017-09-15
KONGA_3576858_181,Konga,1399982,3576858,konga-courier-bag-small-bundle-of-20-23cm-x-37cm-3576858,Ok,5,Fashion,2017-09-17 18:10:48,True,ok,USER_0096,2017-09-17 18:10:48,2017,9,2017-09-17
KONGA_3576858_182,Konga,1417263,3576858,konga-courier-bag-small-bundle-of-20-23cm-x-37cm-3576858,Good size,5,Fashion,2022-11-17 03:46:43,True,good size,USER_0097,2022-11-17 03:46:43,2022,11,2022-11-17
KONGA_3576858_183,Konga,1430338,3576858,konga-courier-bag-small-bundle-of-20-23cm-x-37cm-3576858,Good,4,Fashion,2022-04-08 11:48:18,True,good,USER_0098,2022-04-08 11:48:18,2022,4,2022-04-08
KONGA_3576858_184,Konga,1453073,3576858,konga-courier-bag-small-bundle-of-20-23cm-x-37cm-3576858,Ok,3,Fashion,2024-10-11 02:26:20,True,ok,USER_0099,2024-10-11 02:26:20,2024,10,2024-10-11
KONGA_3576858_185,Konga,1458799,3576858,konga-courier-bag-small-bundle-of-20-23cm-x-37cm-3576858,awesome product,5,Fashion,2022-07-30 22:47:09,True,awesome product,USER_0100,2022-07-30 22:47:09,2022,7,2022-07-30
KONGA_3576858_186,Konga,1473365,3576858,konga-courier-bag-small-bundle-of-20-23cm-x-37cm-3576858,Good ,4,Fashion,2022-11-24 22:28:06,True,good,USER_0101,2022-11-24 22:28:06,2022,11,2022-11-24
KONGA_3576858_187,Konga,1473365,3576858,konga-courier-bag-small-bundle-of-20-23cm-x-37cm-3576858,Fast delivery ,4,Fashion,2024-09-02 17:59:00,True,fast delivery,USER_0101,2024-09-02 17:59:00,2024,9,2024-09-02
KONGA_3576858_188,Konga,1473365,3576858,konga-courier-bag-small-bundle-of-20-23cm-x-37cm-3576858,nice,5,Fashion,2026-01-25 17:16:07,True,nice,USER_0101,2026-01-25 17:16:07,2026,1,2026-01-25
KONGA_3576858_189,Konga,1473365,3576858,konga-courier-bag-small-bundle-of-20-23cm-x-37cm-3576858,Good ,4,Fashion,2025-10-04 19:25:20,True,good,USER_0101,2025-10-04 19:25:20,2025,10,2025-10-04
KONGA_3576858_190,Konga,1473365,3576858,konga-courier-bag-small-bundle-of-20-23cm-x-37cm-3576858,Timely delivery ,4,Fashion,2024-06-25 04:22:22,True,timely delivery,USER_0101,2024-06-25 04:22:22,2024,6,2024-06-25
KONGA_3576858_191,Konga,1473365,3576858,konga-courier-bag-small-bundle-of-20-23cm-x-37cm-3576858,The delivery guy was good ,5,Fashion,2024-03-26 05:06:24,True,the delivery guy was good,USER_0101,2024-03-26 05:06:24,2024,3,2024-03-26
KONGA_3576858_192,Konga,1473365,3576858,konga-courier-bag-small-bundle-of-20-23cm-x-37cm-3576858,Ok ,4,Fashion,2024-06-25 04:22:55,True,ok,USER_0101,2024-06-25 04:22:55,2024,6,2024-06-25
KONGA_3576858_193,Konga,1473365,3576858,konga-courier-bag-small-bundle-of-20-23cm-x-37cm-3576858,Durable product ,5,Fashion,2022-11-24 22:29:47,True,durable product,USER_0101,2022-11-24 22:29:47,2022,11,2022-11-24
KONGA_3576858_194,Konga,1473365,3576858,konga-courier-bag-small-bundle-of-20-23cm-x-37cm-3576858,Nice ,4,Fashion,2024-06-25 04:22:40,True,nice,USER_0101,2024-06-25 04:22:40,2024,6,2024-06-25
KONGA_3576858_195,Konga,1473365,3576858,konga-courier-bag-small-bundle-of-20-23cm-x-37cm-3576858,Ok,3,Fashion,2023-07-23 16:57:06,True,ok,USER_0101,2023-07-23 16:57:06,2023,7,2023-07-23
KONGA_3576858_196,Konga,1473365,3576858,konga-courier-bag-small-bundle-of-20-23cm-x-37cm-3576858,Nice ,3,Fashion,2023-11-22 08:10:46,True,nice,USER_0101,2023-11-22 08:10:46,2023,11,2023-11-22
KONGA_3576858_197,Konga,1473365,3576858,konga-courier-bag-small-bundle-of-20-23cm-x-37cm-3576858,Ok,4,Fashion,2024-06-25 04:23:12,True,ok,USER_0101,2024-06-25 04:23:12,2024,6,2024-06-25
KONGA_3576858_198,Konga,1473365,3576858,konga-courier-bag-small-bundle-of-20-23cm-x-37cm-3576858,Ok ,4,Fashion,2024-06-25 04:23:26,True,ok,USER_0101,2024-06-25 04:23:26,2024,6,2024-06-25
KONGA_3576858_199,Konga,1473365,3576858,konga-courier-bag-small-bundle-of-20-23cm-x-37cm-3576858,Ok ,4,Fashion,2023-07-23 16:58:09,True,ok,USER_0101,2023-07-23 16:58:09,2023,7,2023-07-23
KONGA_3576858_200,Konga,1473365,3576858,konga-courier-bag-small-bundle-of-20-23cm-x-37cm-3576858,Excellent ,5,Fashion,2022-11-24 22:29:28,True,excellent,USER_0101,2022-11-24 22:29:28,2022,11,2022-11-24
KONGA_3576858_201,Konga,1473365,3576858,konga-courier-bag-small-bundle-of-20-23cm-x-37cm-3576858,Ok ,3,Fashion,2023-07-23 16:57:35,True,ok,USER_0101,2023-07-23 16:57:35,2023,7,2023-07-23
KONGA_3576858_202,Konga,1473365,3576858,konga-courier-bag-small-bundle-of-20-23cm-x-37cm-3576858,The delivery guy did a great job ,5,Fashion,2022-11-24 22:29:14,True,the delivery guy did a great job,USER_0101,2022-11-24 22:29:14,2022,11,2022-11-24
KONGA_3576858_203,Konga,1473365,3576858,konga-courier-bag-small-bundle-of-20-23cm-x-37cm-3576858,Nice ,5,Fashion,2023-11-22 08:09:26,True,nice,USER_0101,2023-11-22 08:09:26,2023,11,2023-11-22
KONGA_3576858_204,Konga,1494701,3576858,konga-courier-bag-small-bundle-of-20-23cm-x-37cm-3576858,Nice and quality product,5,Fashion,2017-10-22 08:51:24,True,nice and quality product,USER_0102,2017-10-22 08:51:24,2017,10,2017-10-22
KONGA_3576858_205,Konga,1560465,3576858,konga-courier-bag-small-bundle-of-20-23cm-x-37cm-3576858,BETTER THAN THE PREVIOUS ONES,4,Fashion,2022-12-13 22:10:45,True,better than the previous ones,USER_0103,2022-12-13 22:10:45,2022,12,2022-12-13
KONGA_3576858_206,Konga,1562801,3576858,konga-courier-bag-small-bundle-of-20-23cm-x-37cm-3576858,Like it,5,Fashion,2022-04-26 21:20:42,True,like it,USER_0104,2022-04-26 21:20:42,2022,4,2022-04-26
KONGA_3576858_207,Konga,1579075,3576858,konga-courier-bag-small-bundle-of-20-23cm-x-37cm-3576858,Late Delivery,3,Fashion,2017-10-19 07:41:37,True,late delivery,USER_0105,2017-10-19 07:41:37,2017,10,2017-10-19
KONGA_3576858_208,Konga,1581098,3576858,konga-courier-bag-small-bundle-of-20-23cm-x-37cm-3576858,,4,Fashion,2017-10-20 05:27:46,False,,USER_0106,2017-10-20 05:27:46,2017,10,2017-10-20
KONGA_3576858_209,Konga,1592653,3576858,konga-courier-bag-small-bundle-of-20-23cm-x-37cm-3576858,great,5,Fashion,2025-01-03 12:30:00,True,great,USER_0107,2025-01-03 12:30:00,2025,1,2025-01-03
KONGA_3576858_210,Konga,1594881,3576858,konga-courier-bag-small-bundle-of-20-23cm-x-37cm-3576858,Great courier bag,4,Fashion,2022-08-04 22:06:27,True,great courier bag,USER_0108,2022-08-04 22:06:27,2022,8,2022-08-04
KONGA_3576858_211,Konga,1605700,3576858,konga-courier-bag-small-bundle-of-20-23cm-x-37cm-3576858,Meets description ,5,Fashion,2023-02-20 10:06:02,True,meets description,USER_0109,2023-02-20 10:06:02,2023,2,2023-02-20
KONGA_3576858_212,Konga,1611695,3576858,konga-courier-bag-small-bundle-of-20-23cm-x-37cm-3576858,perfect,5,Fashion,2024-10-24 14:10:26,True,perfect,USER_0110,2024-10-24 14:10:26,2024,10,2024-10-24
KONGA_3576858_213,Konga,1631696,3576858,konga-courier-bag-small-bundle-of-20-23cm-x-37cm-3576858,ok,5,Fashion,2025-12-07 06:15:10,True,ok,USER_0111,2025-12-07 06:15:10,2025,12,2025-12-07
KONGA_3576858_214,Konga,1632772,3576858,konga-courier-bag-small-bundle-of-20-23cm-x-37cm-3576858,It’s cool,4,Fashion,2023-03-20 15:11:00,True,it’s cool,USER_0112,2023-03-20 15:11:00,2023,3,2023-03-20
KONGA_3576858_215,Konga,1647274,3576858,konga-courier-bag-small-bundle-of-20-23cm-x-37cm-3576858,Good product,5,Fashion,2017-10-04 03:04:18,True,good product,USER_0113,2017-10-04 03:04:18,2017,10,2017-10-04
KONGA_3576858_216,Konga,1659052,3576858,konga-courier-bag-small-bundle-of-20-23cm-x-37cm-3576858,Cool,5,Fashion,2022-07-16 19:30:31,True,cool,USER_0114,2022-07-16 19:30:31,2022,7,2022-07-16
KONGA_3576858_217,Konga,1768577,3576858,konga-courier-bag-small-bundle-of-20-23cm-x-37cm-3576858,good,4,Fashion,2022-08-04 18:30:52,True,good,USER_0115,2022-08-04 18:30:52,2022,8,2022-08-04
KONGA_3576858_218,Konga,1786889,3576858,konga-courier-bag-small-bundle-of-20-23cm-x-37cm-3576858,,5,Fashion,2017-10-12 08:55:09,False,,USER_0116,2017-10-12 08:55:09,2017,10,2017-10-12
KONGA_3576858_219,Konga,1787881,3576858,konga-courier-bag-small-bundle-of-20-23cm-x-37cm-3576858,It's good ,4,Fashion,2024-04-26 03:59:49,True,it's good,USER_0117,2024-04-26 03:59:49,2024,4,2024-04-26
KONGA_3576858_220,Konga,1795931,3576858,konga-courier-bag-small-bundle-of-20-23cm-x-37cm-3576858,It's cool,4,Fashion,2017-10-16 10:48:55,True,it's cool,USER_0118,2017-10-16 10:48:55,2017,10,2017-10-16
KONGA_3576858_221,Konga,1840818,3576858,konga-courier-bag-small-bundle-of-20-23cm-x-37cm-3576858,good quality,5,Fashion,2022-07-24 18:44:59,True,good quality,USER_0119,2022-07-24 18:44:59,2022,7,2022-07-24
KONGA_3576858_222,Konga,1892003,3576858,konga-courier-bag-small-bundle-of-20-23cm-x-37cm-3576858,happy ,5,Fashion,2023-04-19 20:57:21,True,happy,USER_0120,2023-04-19 20:57:21,2023,4,2023-04-19
KONGA_3576858_223,Konga,1892003,3576858,konga-courier-bag-small-bundle-of-20-23cm-x-37cm-3576858,happy ,5,Fashion,2023-04-19 20:59:29,True,happy,USER_0120,2023-04-19 20:59:29,2023,4,2023-04-19
KONGA_3576858_224,Konga,1892003,3576858,konga-courier-bag-small-bundle-of-20-23cm-x-37cm-3576858,happy ,5,Fashion,2023-04-19 20:57:02,True,happy,USER_0120,2023-04-19 20:57:02,2023,4,2023-04-19
KONGA_3576858_225,Konga,1892003,3576858,konga-courier-bag-small-bundle-of-20-23cm-x-37cm-3576858,happy ,5,Fashion,2023-04-19 20:57:41,True,happy,USER_0120,2023-04-19 20:57:41,2023,4,2023-04-19
KONGA_3576858_226,Konga,1892003,3576858,konga-courier-bag-small-bundle-of-20-23cm-x-37cm-3576858,happy ,5,Fashion,2023-04-19 20:58:34,True,happy,USER_0120,2023-04-19 20:58:34,2023,4,2023-04-19
KONGA_3576858_227,Konga,1928040,3576858,konga-courier-bag-small-bundle-of-20-23cm-x-37cm-3576858,I love this courier bag...durable,5,Fashion,2022-04-26 12:41:41,True,i love this courier bag...durable,USER_0121,2022-04-26 12:41:41,2022,4,2022-04-26
KONGA_3576858_228,Konga,1928040,3576858,konga-courier-bag-small-bundle-of-20-23cm-x-37cm-3576858,Great courier bag,5,Fashion,2022-04-26 12:29:42,True,great courier bag,USER_0121,2022-04-26 12:29:42,2022,4,2022-04-26
KONGA_3576858_229,Konga,1928040,3576858,konga-courier-bag-small-bundle-of-20-23cm-x-37cm-3576858,good product,5,Fashion,2022-11-16 19:21:23,True,good product,USER_0121,2022-11-16 19:21:23,2022,11,2022-11-16
KONGA_3576858_230,Konga,1928040,3576858,konga-courier-bag-small-bundle-of-20-23cm-x-37cm-3576858,This Product is Awesome,5,Fashion,2017-09-12 06:12:44,True,this product is awesome,USER_0121,2017-09-12 06:12:44,2017,9,2017-09-12
KONGA_3576858_231,Konga,1933310,3576858,konga-courier-bag-small-bundle-of-20-23cm-x-37cm-3576858,,5,Fashion,2017-10-16 08:43:24,False,,USER_0122,2017-10-16 08:43:24,2017,10,2017-10-16
KONGA_3576858_232,Konga,1947297,3576858,konga-courier-bag-small-bundle-of-20-23cm-x-37cm-3576858,Nice,4,Fashion,2022-09-15 10:57:51,True,nice,USER_0123,2022-09-15 10:57:51,2022,9,2022-09-15
KONGA_3576858_233,Konga,1954046,3576858,konga-courier-bag-small-bundle-of-20-23cm-x-37cm-3576858,Good,4,Fashion,2022-11-02 19:25:22,True,good,USER_0124,2022-11-02 19:25:22,2022,11,2022-11-02
KONGA_3576858_234,Konga,1968620,3576858,konga-courier-bag-small-bundle-of-20-23cm-x-37cm-3576858,Nice,5,Fashion,2022-07-27 08:45:39,True,nice,USER_0125,2022-07-27 08:45:39,2022,7,2022-07-27
KONGA_3576858_235,Konga,2068376,3576858,konga-courier-bag-small-bundle-of-20-23cm-x-37cm-3576858,The product correspond to the published.,5,Fashion,2023-05-11 07:58:51,True,the product correspond to the published.,USER_0126,2023-05-11 07:58:51,2023,5,2023-05-11
KONGA_3576858_236,Konga,2088916,3576858,konga-courier-bag-small-bundle-of-20-23cm-x-37cm-3576858,It's nice.,4,Fashion,2022-06-09 16:37:18,True,it's nice.,USER_0127,2022-06-09 16:37:18,2022,6,2022-06-09
KONGA_3576858_237,Konga,2088916,3576858,konga-courier-bag-small-bundle-of-20-23cm-x-37cm-3576858,Ok,5,Fashion,2022-10-31 09:48:12,True,ok,USER_0127,2022-10-31 09:48:12,2022,10,2022-10-31
KONGA_3576858_238,Konga,2091119,3576858,konga-courier-bag-small-bundle-of-20-23cm-x-37cm-3576858,good,4,Fashion,2022-07-28 12:02:48,True,good,USER_0128,2022-07-28 12:02:48,2022,7,2022-07-28
KONGA_3576858_239,Konga,2169757,3576858,konga-courier-bag-small-bundle-of-20-23cm-x-37cm-3576858,Good,5,Fashion,2022-09-05 19:29:39,True,good,USER_0129,2022-09-05 19:29:39,2022,9,2022-09-05
KONGA_3576858_240,Konga,2169757,3576858,konga-courier-bag-small-bundle-of-20-23cm-x-37cm-3576858,Awesome,5,Fashion,2021-05-07 18:34:43,True,awesome,USER_0129,2021-05-07 18:34:43,2021,5,2021-05-07
KONGA_3576858_241,Konga,2169757,3576858,konga-courier-bag-small-bundle-of-20-23cm-x-37cm-3576858,Good packaging material ,5,Fashion,2022-08-30 03:20:17,True,good packaging material,USER_0129,2022-08-30 03:20:17,2022,8,2022-08-30
KONGA_3576858_242,Konga,2188290,3576858,konga-courier-bag-small-bundle-of-20-23cm-x-37cm-3576858,ok,4,Fashion,2023-12-19 11:36:37,True,ok,USER_0130,2023-12-19 11:36:37,2023,12,2023-12-19
KONGA_3576858_243,Konga,2188290,3576858,konga-courier-bag-small-bundle-of-20-23cm-x-37cm-3576858,ok,5,Fashion,2023-12-12 11:59:52,True,ok,USER_0130,2023-12-12 11:59:52,2023,12,2023-12-12
KONGA_3576858_244,Konga,2207494,3576858,konga-courier-bag-small-bundle-of-20-23cm-x-37cm-3576858,Impressed ,5,Fashion,2025-10-30 18:58:18,True,impressed,USER_0131,2025-10-30 18:58:18,2025,10,2025-10-30
KONGA_3576858_245,Konga,2209414,3576858,konga-courier-bag-small-bundle-of-20-23cm-x-37cm-3576858,Great,5,Fashion,2022-08-16 21:49:23,True,great,USER_0132,2022-08-16 21:49:23,2022,8,2022-08-16
KONGA_3576858_246,Konga,2211094,3576858,konga-courier-bag-small-bundle-of-20-23cm-x-37cm-3576858,good,4,Fashion,2026-03-26 21:24:13,True,good,USER_0133,2026-03-26 21:24:13,2026,3,2026-03-26
KONGA_3576858_247,Konga,2211094,3576858,konga-courier-bag-small-bundle-of-20-23cm-x-37cm-3576858,Good,4,Fashion,2023-07-04 09:55:50,True,good,USER_0133,2023-07-04 09:55:50,2023,7,2023-07-04
KONGA_3576858_248,Konga,2213675,3576858,konga-courier-bag-small-bundle-of-20-23cm-x-37cm-3576858,Good ,5,Fashion,2023-03-09 00:14:49,True,good,USER_0134,2023-03-09 00:14:49,2023,3,2023-03-09
KONGA_3576858_249,Konga,2213675,3576858,konga-courier-bag-small-bundle-of-20-23cm-x-37cm-3576858,Good ,5,Fashion,2023-03-09 00:15:04,True,good,USER_0134,2023-03-09 00:15:04,2023,3,2023-03-09
KONGA_3576858_250,Konga,2213675,3576858,konga-courier-bag-small-bundle-of-20-23cm-x-37cm-3576858,Good ,5,Fashion,2023-03-09 00:15:19,True,good,USER_0134,2023-03-09 00:15:19,2023,3,2023-03-09
KONGA_3576858_251,Konga,2213675,3576858,konga-courier-bag-small-bundle-of-20-23cm-x-37cm-3576858,Good ,5,Fashion,2023-03-09 00:15:46,True,good,USER_0134,2023-03-09 00:15:46,2023,3,2023-03-09
KONGA_3576858_252,Konga,2213675,3576858,konga-courier-bag-small-bundle-of-20-23cm-x-37cm-3576858,Good ,5,Fashion,2023-03-09 00:15:31,True,good,USER_0134,2023-03-09 00:15:31,2023,3,2023-03-09
KONGA_3576858_253,Konga,2225758,3576858,konga-courier-bag-small-bundle-of-20-23cm-x-37cm-3576858,"Nice, but please let it be available for us everytime we want to order.",4,Fashion,2023-04-22 19:34:23,True,"nice, but please let it be available for us everytime we want to order.",USER_0135,2023-04-22 19:34:23,2023,4,2023-04-22
KONGA_3576858_254,Konga,2265251,3576858,konga-courier-bag-small-bundle-of-20-23cm-x-37cm-3576858,That's cool,5,Fashion,2021-10-13 17:28:32,True,that's cool,USER_0136,2021-10-13 17:28:32,2021,10,2021-10-13
KONGA_3576858_255,Konga,2273373,3576858,konga-courier-bag-small-bundle-of-20-23cm-x-37cm-3576858,COOL,4,Fashion,2022-10-31 16:31:18,True,cool,USER_0137,2022-10-31 16:31:18,2022,10,2022-10-31
KONGA_3576858_256,Konga,2273373,3576858,konga-courier-bag-small-bundle-of-20-23cm-x-37cm-3576858,good,4,Fashion,2023-10-23 10:20:36,True,good,USER_0137,2023-10-23 10:20:36,2023,10,2023-10-23
KONGA_3576858_257,Konga,2273373,3576858,konga-courier-bag-small-bundle-of-20-23cm-x-37cm-3576858,COOL,4,Fashion,2022-10-31 16:30:59,True,cool,USER_0137,2022-10-31 16:30:59,2022,10,2022-10-31
KONGA_3576858_258,Konga,2273373,3576858,konga-courier-bag-small-bundle-of-20-23cm-x-37cm-3576858,COOL,4,Fashion,2022-10-31 16:31:53,True,cool,USER_0137,2022-10-31 16:31:53,2022,10,2022-10-31
KONGA_3576858_259,Konga,2273373,3576858,konga-courier-bag-small-bundle-of-20-23cm-x-37cm-3576858,good,4,Fashion,2023-10-23 10:21:05,True,good,USER_0137,2023-10-23 10:21:05,2023,10,2023-10-23
KONGA_3576858_260,Konga,2273373,3576858,konga-courier-bag-small-bundle-of-20-23cm-x-37cm-3576858,COOL,4,Fashion,2022-10-31 16:32:06,True,cool,USER_0137,2022-10-31 16:32:06,2022,10,2022-10-31
KONGA_3576858_261,Konga,2273373,3576858,konga-courier-bag-small-bundle-of-20-23cm-x-37cm-3576858,COOL,4,Fashion,2022-10-31 16:30:37,True,cool,USER_0137,2022-10-31 16:30:37,2022,10,2022-10-31
KONGA_3576858_262,Konga,2273373,3576858,konga-courier-bag-small-bundle-of-20-23cm-x-37cm-3576858,nice,5,Fashion,2023-10-23 10:21:22,True,nice,USER_0137,2023-10-23 10:21:22,2023,10,2023-10-23
KONGA_3576858_263,Konga,2327852,3576858,konga-courier-bag-small-bundle-of-20-23cm-x-37cm-3576858,good,5,Fashion,2023-06-06 11:53:20,True,good,USER_0138,2023-06-06 11:53:20,2023,6,2023-06-06
KONGA_3576858_264,Konga,2334560,3576858,konga-courier-bag-small-bundle-of-20-23cm-x-37cm-3576858,thanks for the delivery,5,Fashion,2022-08-09 09:01:04,True,thanks for the delivery,USER_0139,2022-08-09 09:01:04,2022,8,2022-08-09
KONGA_3576858_265,Konga,2334560,3576858,konga-courier-bag-small-bundle-of-20-23cm-x-37cm-3576858,thanks for the delivery,5,Fashion,2022-08-09 09:00:29,True,thanks for the delivery,USER_0139,2022-08-09 09:00:29,2022,8,2022-08-09
KONGA_3576858_266,Konga,2334560,3576858,konga-courier-bag-small-bundle-of-20-23cm-x-37cm-3576858,thanks for the delivery,5,Fashion,2022-08-09 09:01:21,True,thanks for the delivery,USER_0139,2022-08-09 09:01:21,2022,8,2022-08-09
KONGA_3576858_267,Konga,2344555,3576858,konga-courier-bag-small-bundle-of-20-23cm-x-37cm-3576858,Ok,3,Fashion,2022-05-12 22:49:32,True,ok,USER_0140,2022-05-12 22:49:32,2022,5,2022-05-12
KONGA_3576858_268,Konga,2344555,3576858,konga-courier-bag-small-bundle-of-20-23cm-x-37cm-3576858,Ok,4,Fashion,2022-05-12 22:49:14,True,ok,USER_0140,2022-05-12 22:49:14,2022,5,2022-05-12
KONGA_3576858_269,Konga,2354868,3576858,konga-courier-bag-small-bundle-of-20-23cm-x-37cm-3576858,Exactly what I ordered,5,Fashion,2023-06-14 09:16:14,True,exactly what i ordered,USER_0141,2023-06-14 09:16:14,2023,6,2023-06-14
KONGA_3576858_270,Konga,2361627,3576858,konga-courier-bag-small-bundle-of-20-23cm-x-37cm-3576858,It’s good ,5,Fashion,2023-03-19 00:13:34,True,it’s good,USER_0142,2023-03-19 00:13:34,2023,3,2023-03-19
KONGA_3576858_271,Konga,2409593,3576858,konga-courier-bag-small-bundle-of-20-23cm-x-37cm-3576858,Good product and arrived timely. ,5,Fashion,2026-02-04 17:12:11,True,good product and arrived timely.,USER_0143,2026-02-04 17:12:11,2026,2,2026-02-04
KONGA_3576858_272,Konga,2415106,3576858,konga-courier-bag-small-bundle-of-20-23cm-x-37cm-3576858,glad,5,Fashion,2022-11-13 12:53:14,True,glad,USER_0144,2022-11-13 12:53:14,2022,11,2022-11-13
KONGA_3576858_273,Konga,2448350,3576858,konga-courier-bag-small-bundle-of-20-23cm-x-37cm-3576858,Ok,3,Fashion,2023-03-01 18:21:09,True,ok,USER_0145,2023-03-01 18:21:09,2023,3,2023-03-01
KONGA_3576858_274,Konga,2451423,3576858,konga-courier-bag-small-bundle-of-20-23cm-x-37cm-3576858,nice,4,Fashion,2022-05-06 09:09:35,True,nice,USER_0146,2022-05-06 09:09:35,2022,5,2022-05-06
KONGA_3576858_275,Konga,2470816,3576858,konga-courier-bag-small-bundle-of-20-23cm-x-37cm-3576858,good,3,Fashion,2023-04-26 12:58:20,True,good,USER_0147,2023-04-26 12:58:20,2023,4,2023-04-26
KONGA_3576858_276,Konga,2479443,3576858,konga-courier-bag-small-bundle-of-20-23cm-x-37cm-3576858,Nice,4,Fashion,2022-08-18 19:38:52,True,nice,USER_0148,2022-08-18 19:38:52,2022,8,2022-08-18
KONGA_3576858_277,Konga,2479443,3576858,konga-courier-bag-small-bundle-of-20-23cm-x-37cm-3576858,THANKS,4,Fashion,2023-04-06 11:07:38,True,thanks,USER_0148,2023-04-06 11:07:38,2023,4,2023-04-06
KONGA_3576858_278,Konga,2479443,3576858,konga-courier-bag-small-bundle-of-20-23cm-x-37cm-3576858,good,4,Fashion,2023-08-18 04:08:01,True,good,USER_0148,2023-08-18 04:08:01,2023,8,2023-08-18
KONGA_3576858_279,Konga,2479443,3576858,konga-courier-bag-small-bundle-of-20-23cm-x-37cm-3576858,good,4,Fashion,2023-01-26 20:48:14,True,good,USER_0148,2023-01-26 20:48:14,2023,1,2023-01-26
KONGA_3576858_280,Konga,2479443,3576858,konga-courier-bag-small-bundle-of-20-23cm-x-37cm-3576858,THANKS,5,Fashion,2023-04-15 20:05:10,True,thanks,USER_0148,2023-04-15 20:05:10,2023,4,2023-04-15
KONGA_3576858_281,Konga,2479443,3576858,konga-courier-bag-small-bundle-of-20-23cm-x-37cm-3576858,THANKS,4,Fashion,2023-04-15 20:01:43,True,thanks,USER_0148,2023-04-15 20:01:43,2023,4,2023-04-15
KONGA_3576858_282,Konga,2479443,3576858,konga-courier-bag-small-bundle-of-20-23cm-x-37cm-3576858,good,4,Fashion,2022-09-08 16:55:12,True,good,USER_0148,2022-09-08 16:55:12,2022,9,2022-09-08
KONGA_3576858_283,Konga,2507794,3576858,konga-courier-bag-small-bundle-of-20-23cm-x-37cm-3576858,Good,5,Fashion,2022-08-05 22:01:00,True,good,USER_0149,2022-08-05 22:01:00,2022,8,2022-08-05
KONGA_3576858_284,Konga,2510605,3576858,konga-courier-bag-small-bundle-of-20-23cm-x-37cm-3576858,Ok,5,Fashion,2022-07-17 10:07:17,True,ok,USER_0150,2022-07-17 10:07:17,2022,7,2022-07-17
KONGA_3576858_285,Konga,2532626,3576858,konga-courier-bag-small-bundle-of-20-23cm-x-37cm-3576858,Good,5,Fashion,2022-11-13 03:14:42,True,good,USER_0151,2022-11-13 03:14:42,2022,11,2022-11-13
KONGA_3576858_286,Konga,2532626,3576858,konga-courier-bag-small-bundle-of-20-23cm-x-37cm-3576858,Good,5,Fashion,2023-01-30 13:24:15,True,good,USER_0151,2023-01-30 13:24:15,2023,1,2023-01-30
KONGA_3576858_287,Konga,2636449,3576858,konga-courier-bag-small-bundle-of-20-23cm-x-37cm-3576858,happy,4,Fashion,2022-08-15 06:32:12,True,happy,USER_0152,2022-08-15 06:32:12,2022,8,2022-08-15
KONGA_3576858_288,Konga,2649638,3576858,konga-courier-bag-small-bundle-of-20-23cm-x-37cm-3576858,Nice ,5,Fashion,2026-01-16 06:10:54,True,nice,USER_0153,2026-01-16 06:10:54,2026,1,2026-01-16
KONGA_3576858_289,Konga,2655846,3576858,konga-courier-bag-small-bundle-of-20-23cm-x-37cm-3576858,Faka Product. Product didnt work.,5,Fashion,2021-06-20 11:55:44,True,faka product. product didnt work.,USER_0154,2021-06-20 11:55:44,2021,6,2021-06-20
KONGA_3576858_290,Konga,2655846,3576858,konga-courier-bag-small-bundle-of-20-23cm-x-37cm-3576858,ok,5,Fashion,2022-08-15 14:51:48,True,ok,USER_0154,2022-08-15 14:51:48,2022,8,2022-08-15
KONGA_3576858_291,Konga,2663899,3576858,konga-courier-bag-small-bundle-of-20-23cm-x-37cm-3576858,.,4,Fashion,2025-10-23 20:21:09,True,.,USER_0155,2025-10-23 20:21:09,2025,10,2025-10-23
KONGA_3576858_292,Konga,2703416,3576858,konga-courier-bag-small-bundle-of-20-23cm-x-37cm-3576858,Very happy ,5,Fashion,2022-11-02 07:18:40,True,very happy,USER_0156,2022-11-02 07:18:40,2022,11,2022-11-02
KONGA_3576858_293,Konga,2705364,3576858,konga-courier-bag-small-bundle-of-20-23cm-x-37cm-3576858,Good,5,Fashion,2023-10-24 08:25:06,True,good,USER_0157,2023-10-24 08:25:06,2023,10,2023-10-24
KONGA_3576858_294,Konga,2713172,3576858,konga-courier-bag-small-bundle-of-20-23cm-x-37cm-3576858,GOOD,4,Fashion,2022-05-06 04:16:56,True,good,USER_0158,2022-05-06 04:16:56,2022,5,2022-05-06
KONGA_3576858_295,Konga,2715155,3576858,konga-courier-bag-small-bundle-of-20-23cm-x-37cm-3576858,I love it,4,Fashion,2022-03-28 11:48:17,True,i love it,USER_0159,2022-03-28 11:48:17,2022,3,2022-03-28
KONGA_3576858_296,Konga,2715155,3576858,konga-courier-bag-small-bundle-of-20-23cm-x-37cm-3576858,Good,3,Fashion,2022-05-21 15:47:52,True,good,USER_0159,2022-05-21 15:47:52,2022,5,2022-05-21
KONGA_3576858_297,Konga,2718628,3576858,konga-courier-bag-small-bundle-of-20-23cm-x-37cm-3576858,Good ,3,Fashion,2022-06-05 09:59:22,True,good,USER_0160,2022-06-05 09:59:22,2022,6,2022-06-05
KONGA_3576858_298,Konga,2724841,3576858,konga-courier-bag-small-bundle-of-20-23cm-x-37cm-3576858,best,5,Fashion,2022-05-04 09:30:18,True,best,USER_0161,2022-05-04 09:30:18,2022,5,2022-05-04
KONGA_3576858_299,Konga,2734948,3576858,konga-courier-bag-small-bundle-of-20-23cm-x-37cm-3576858,okay,3,Fashion,2024-10-10 10:50:10,True,okay,USER_0162,2024-10-10 10:50:10,2024,10,2024-10-10
KONGA_3576858_300,Konga,2734948,3576858,konga-courier-bag-small-bundle-of-20-23cm-x-37cm-3576858,Okay,4,Fashion,2024-10-10 10:49:48,True,okay,USER_0162,2024-10-10 10:49:48,2024,10,2024-10-10
KONGA_3576858_301,Konga,2734948,3576858,konga-courier-bag-small-bundle-of-20-23cm-x-37cm-3576858,Okay,5,Fashion,2024-10-10 10:49:25,True,okay,USER_0162,2024-10-10 10:49:25,2024,10,2024-10-10
KONGA_3576858_302,Konga,2737143,3576858,konga-courier-bag-small-bundle-of-20-23cm-x-37cm-3576858,Perfect ,5,Fashion,2023-10-16 09:33:04,True,perfect,USER_0163,2023-10-16 09:33:04,2023,10,2023-10-16
KONGA_3576858_303,Konga,2751984,3576858,konga-courier-bag-small-bundle-of-20-23cm-x-37cm-3576858,nice,5,Fashion,2025-12-12 12:09:06,True,nice,USER_0164,2025-12-12 12:09:06,2025,12,2025-12-12
KONGA_3576858_304,Konga,2765405,3576858,konga-courier-bag-small-bundle-of-20-23cm-x-37cm-3576858,Good,3,Fashion,2022-07-26 06:30:28,True,good,USER_0165,2022-07-26 06:30:28,2022,7,2022-07-26
KONGA_3576858_305,Konga,2768912,3576858,konga-courier-bag-small-bundle-of-20-23cm-x-37cm-3576858,Cool,5,Fashion,2021-05-18 16:25:38,True,cool,USER_0166,2021-05-18 16:25:38,2021,5,2021-05-18
KONGA_3576858_306,Konga,2779831,3576858,konga-courier-bag-small-bundle-of-20-23cm-x-37cm-3576858,Nice,4,Fashion,2023-02-13 00:43:18,True,nice,USER_0167,2023-02-13 00:43:18,2023,2,2023-02-13
KONGA_3576858_307,Konga,2799019,3576858,konga-courier-bag-small-bundle-of-20-23cm-x-37cm-3576858,"Very nice packing material, it come 2 days I ordered it",5,Fashion,2021-06-05 05:40:31,True,"very nice packing material, it come 2 days i ordered it",USER_0168,2021-06-05 05:40:31,2021,6,2021-06-05
KONGA_3576858_308,Konga,2824687,3576858,konga-courier-bag-small-bundle-of-20-23cm-x-37cm-3576858,Excellent product ,5,Fashion,2022-08-02 09:23:00,True,excellent product,USER_0169,2022-08-02 09:23:00,2022,8,2022-08-02
KONGA_3576858_309,Konga,2838513,3576858,konga-courier-bag-small-bundle-of-20-23cm-x-37cm-3576858,I like it ,5,Fashion,2023-05-01 17:55:52,True,i like it,USER_0170,2023-05-01 17:55:52,2023,5,2023-05-01
KONGA_3576858_310,Konga,2838513,3576858,konga-courier-bag-small-bundle-of-20-23cm-x-37cm-3576858,Good ,5,Fashion,2023-03-22 21:54:44,True,good,USER_0170,2023-03-22 21:54:44,2023,3,2023-03-22
KONGA_3576858_311,Konga,2838513,3576858,konga-courier-bag-small-bundle-of-20-23cm-x-37cm-3576858,I like ,5,Fashion,2023-05-01 17:56:12,True,i like,USER_0170,2023-05-01 17:56:12,2023,5,2023-05-01
KONGA_3576858_312,Konga,2838513,3576858,konga-courier-bag-small-bundle-of-20-23cm-x-37cm-3576858,I like it ,5,Fashion,2023-03-22 21:53:15,True,i like it,USER_0170,2023-03-22 21:53:15,2023,3,2023-03-22
KONGA_3576858_313,Konga,2838513,3576858,konga-courier-bag-small-bundle-of-20-23cm-x-37cm-3576858,I like it ,5,Fashion,2023-05-01 17:56:35,True,i like it,USER_0170,2023-05-01 17:56:35,2023,5,2023-05-01
KONGA_3576858_314,Konga,2838513,3576858,konga-courier-bag-small-bundle-of-20-23cm-x-37cm-3576858,Good ,5,Fashion,2023-03-22 21:54:32,True,good,USER_0170,2023-03-22 21:54:32,2023,3,2023-03-22
KONGA_3576858_315,Konga,2838513,3576858,konga-courier-bag-small-bundle-of-20-23cm-x-37cm-3576858,I like it ,5,Fashion,2023-03-22 21:52:40,True,i like it,USER_0170,2023-03-22 21:52:40,2023,3,2023-03-22
KONGA_3576858_316,Konga,2838513,3576858,konga-courier-bag-small-bundle-of-20-23cm-x-37cm-3576858,Very good ,5,Fashion,2023-03-22 21:52:18,True,very good,USER_0170,2023-03-22 21:52:18,2023,3,2023-03-22
KONGA_3576858_317,Konga,2838513,3576858,konga-courier-bag-small-bundle-of-20-23cm-x-37cm-3576858,I like it ,5,Fashion,2023-03-22 21:52:59,True,i like it,USER_0170,2023-03-22 21:52:59,2023,3,2023-03-22
KONGA_3576858_318,Konga,2841429,3576858,konga-courier-bag-small-bundle-of-20-23cm-x-37cm-3576858,Very okay,5,Fashion,2023-12-11 20:14:50,True,very okay,USER_0171,2023-12-11 20:14:50,2023,12,2023-12-11
KONGA_3576858_319,Konga,2874488,3576858,konga-courier-bag-small-bundle-of-20-23cm-x-37cm-3576858,Good ,5,Fashion,2023-08-06 16:35:38,True,good,USER_0172,2023-08-06 16:35:38,2023,8,2023-08-06
KONGA_3576858_320,Konga,2894287,3576858,konga-courier-bag-small-bundle-of-20-23cm-x-37cm-3576858,Great,4,Fashion,2023-04-06 04:31:23,True,great,USER_0173,2023-04-06 04:31:23,2023,4,2023-04-06
KONGA_3576858_321,Konga,2921704,3576858,konga-courier-bag-small-bundle-of-20-23cm-x-37cm-3576858,GOOD  ,5,Fashion,2024-11-15 12:04:39,True,good,USER_0174,2024-11-15 12:04:39,2024,11,2024-11-15
KONGA_3576858_322,Konga,2921704,3576858,konga-courier-bag-small-bundle-of-20-23cm-x-37cm-3576858,GODD,5,Fashion,2024-11-15 12:04:59,True,godd,USER_0174,2024-11-15 12:04:59,2024,11,2024-11-15
KONGA_3576858_323,Konga,2930229,3576858,konga-courier-bag-small-bundle-of-20-23cm-x-37cm-3576858,The product is okay,4,Fashion,2021-04-17 14:07:02,True,the product is okay,USER_0175,2021-04-17 14:07:02,2021,4,2021-04-17
KONGA_3576858_324,Konga,2955731,3576858,konga-courier-bag-small-bundle-of-20-23cm-x-37cm-3576858,Nice ,5,Fashion,2023-02-13 22:47:20,True,nice,USER_0176,2023-02-13 22:47:20,2023,2,2023-02-13
KONGA_3576858_325,Konga,2955731,3576858,konga-courier-bag-small-bundle-of-20-23cm-x-37cm-3576858,Nice,5,Fashion,2022-08-25 11:02:17,True,nice,USER_0176,2022-08-25 11:02:17,2022,8,2022-08-25
KONGA_3576858_326,Konga,2955731,3576858,konga-courier-bag-small-bundle-of-20-23cm-x-37cm-3576858,Nice,5,Fashion,2021-08-05 21:02:41,True,nice,USER_0176,2021-08-05 21:02:41,2021,8,2021-08-05
KONGA_3576858_327,Konga,2959489,3576858,konga-courier-bag-small-bundle-of-20-23cm-x-37cm-3576858,Nice,5,Fashion,2022-09-22 23:07:35,True,nice,USER_0177,2022-09-22 23:07:35,2022,9,2022-09-22
KONGA_3576858_328,Konga,2966731,3576858,konga-courier-bag-small-bundle-of-20-23cm-x-37cm-3576858,Great!!,5,Fashion,2022-04-12 13:42:59,True,great!!,USER_0178,2022-04-12 13:42:59,2022,4,2022-04-12
KONGA_3576858_329,Konga,2966731,3576858,konga-courier-bag-small-bundle-of-20-23cm-x-37cm-3576858,Great!,4,Fashion,2022-05-27 13:31:51,True,great!,USER_0178,2022-05-27 13:31:51,2022,5,2022-05-27
KONGA_3576858_330,Konga,2966731,3576858,konga-courier-bag-small-bundle-of-20-23cm-x-37cm-3576858,Perfect!!,5,Fashion,2022-04-12 13:43:18,True,perfect!!,USER_0178,2022-04-12 13:43:18,2022,4,2022-04-12
KONGA_3576858_331,Konga,2966731,3576858,konga-courier-bag-small-bundle-of-20-23cm-x-37cm-3576858,Lovely,5,Fashion,2022-04-12 13:42:30,True,lovely,USER_0178,2022-04-12 13:42:30,2022,4,2022-04-12
KONGA_3576858_332,Konga,2966731,3576858,konga-courier-bag-small-bundle-of-20-23cm-x-37cm-3576858,Great!,4,Fashion,2022-05-27 13:32:41,True,great!,USER_0178,2022-05-27 13:32:41,2022,5,2022-05-27
KONGA_3576858_333,Konga,2967347,3576858,konga-courier-bag-small-bundle-of-20-23cm-x-37cm-3576858,great,5,Fashion,2023-01-20 09:58:52,True,great,USER_0179,2023-01-20 09:58:52,2023,1,2023-01-20
KONGA_3576858_334,Konga,2976606,3576858,konga-courier-bag-small-bundle-of-20-23cm-x-37cm-3576858,Nice,4,Fashion,2023-07-16 09:05:36,True,nice,USER_0180,2023-07-16 09:05:36,2023,7,2023-07-16
KONGA_3576858_335,Konga,2984545,3576858,konga-courier-bag-small-bundle-of-20-23cm-x-37cm-3576858,good,5,Fashion,2022-07-15 08:53:48,True,good,USER_0181,2022-07-15 08:53:48,2022,7,2022-07-15
KONGA_3576858_336,Konga,3011089,3576858,konga-courier-bag-small-bundle-of-20-23cm-x-37cm-3576858,fast and efficient,5,Fashion,2023-10-28 08:31:51,True,fast and efficient,USER_0182,2023-10-28 08:31:51,2023,10,2023-10-28
KONGA_3576858_337,Konga,3011089,3576858,konga-courier-bag-small-bundle-of-20-23cm-x-37cm-3576858,i love the delivery process,5,Fashion,2022-05-19 13:21:32,True,i love the delivery process,USER_0182,2022-05-19 13:21:32,2022,5,2022-05-19
KONGA_3576858_338,Konga,3011089,3576858,konga-courier-bag-small-bundle-of-20-23cm-x-37cm-3576858,great,5,Fashion,2023-10-28 08:29:57,True,great,USER_0182,2023-10-28 08:29:57,2023,10,2023-10-28
KONGA_3576858_339,Konga,3028208,3576858,konga-courier-bag-small-bundle-of-20-23cm-x-37cm-3576858,Great ,4,Fashion,2024-04-23 06:43:12,True,great,USER_0183,2024-04-23 06:43:12,2024,4,2024-04-23
KONGA_3576858_340,Konga,3028208,3576858,konga-courier-bag-small-bundle-of-20-23cm-x-37cm-3576858,GOOD,5,Fashion,2025-05-26 11:11:51,True,good,USER_0183,2025-05-26 11:11:51,2025,5,2025-05-26
KONGA_3576858_341,Konga,3037435,3576858,konga-courier-bag-small-bundle-of-20-23cm-x-37cm-3576858,The nylon is ok,4,Fashion,2022-04-04 15:35:11,True,the nylon is ok,USER_0184,2022-04-04 15:35:11,2022,4,2022-04-04
KONGA_3576858_342,Konga,3037435,3576858,konga-courier-bag-small-bundle-of-20-23cm-x-37cm-3576858,The packaging material is ok,4,Fashion,2022-04-04 15:35:52,True,the packaging material is ok,USER_0184,2022-04-04 15:35:52,2022,4,2022-04-04
KONGA_3576858_343,Konga,3037435,3576858,konga-courier-bag-small-bundle-of-20-23cm-x-37cm-3576858,the flier is ok,4,Fashion,2022-10-04 18:01:00,True,the flier is ok,USER_0184,2022-10-04 18:01:00,2022,10,2022-10-04
KONGA_3576858_344,Konga,3037435,3576858,konga-courier-bag-small-bundle-of-20-23cm-x-37cm-3576858,the product is ok,4,Fashion,2022-08-15 05:36:55,True,the product is ok,USER_0184,2022-08-15 05:36:55,2022,8,2022-08-15
KONGA_3576858_345,Konga,3045681,3576858,konga-courier-bag-small-bundle-of-20-23cm-x-37cm-3576858,nice,5,Fashion,2022-06-07 12:52:33,True,nice,USER_0185,2022-06-07 12:52:33,2022,6,2022-06-07
KONGA_3576858_346,Konga,3066441,3576858,konga-courier-bag-small-bundle-of-20-23cm-x-37cm-3576858,Fast delivery ,5,Fashion,2022-11-15 10:11:01,True,fast delivery,USER_0186,2022-11-15 10:11:01,2022,11,2022-11-15
KONGA_3576858_347,Konga,3066441,3576858,konga-courier-bag-small-bundle-of-20-23cm-x-37cm-3576858,Fast delivery ,5,Fashion,2022-11-15 10:11:23,True,fast delivery,USER_0186,2022-11-15 10:11:23,2022,11,2022-11-15
KONGA_3576858_348,Konga,3138176,3576858,konga-courier-bag-small-bundle-of-20-23cm-x-37cm-3576858,Product is Okay,4,Fashion,2022-06-17 11:10:55,True,product is okay,USER_0187,2022-06-17 11:10:55,2022,6,2022-06-17
KONGA_3576858_349,Konga,3162835,3576858,konga-courier-bag-small-bundle-of-20-23cm-x-37cm-3576858,What i ordered is what i got,5,Fashion,2024-06-28 16:42:28,True,what i ordered is what i got,USER_0188,2024-06-28 16:42:28,2024,6,2024-06-28
KONGA_3576858_350,Konga,3169430,3576858,konga-courier-bag-small-bundle-of-20-23cm-x-37cm-3576858,Good,5,Fashion,2022-08-10 01:42:17,True,good,USER_0189,2022-08-10 01:42:17,2022,8,2022-08-10
KONGA_3576858_351,Konga,3179502,3576858,konga-courier-bag-small-bundle-of-20-23cm-x-37cm-3576858,Received in good shape,4,Fashion,2023-03-03 10:48:52,True,received in good shape,USER_0190,2023-03-03 10:48:52,2023,3,2023-03-03
KONGA_3576858_352,Konga,3189759,3576858,konga-courier-bag-small-bundle-of-20-23cm-x-37cm-3576858,good,5,Fashion,2022-07-08 10:37:56,True,good,USER_0191,2022-07-08 10:37:56,2022,7,2022-07-08
KONGA_3576858_353,Konga,3189759,3576858,konga-courier-bag-small-bundle-of-20-23cm-x-37cm-3576858,good,5,Fashion,2022-07-18 17:07:20,True,good,USER_0191,2022-07-18 17:07:20,2022,7,2022-07-18
KONGA_3576858_354,Konga,3192183,3576858,konga-courier-bag-small-bundle-of-20-23cm-x-37cm-3576858,It's okay ,4,Fashion,2023-05-01 10:57:18,True,it's okay,USER_0192,2023-05-01 10:57:18,2023,5,2023-05-01
KONGA_3576858_355,Konga,3226757,3576858,konga-courier-bag-small-bundle-of-20-23cm-x-37cm-3576858,Gud,4,Fashion,2023-04-05 13:52:30,True,gud,USER_0193,2023-04-05 13:52:30,2023,4,2023-04-05
KONGA_3576858_356,Konga,3263814,3576858,konga-courier-bag-small-bundle-of-20-23cm-x-37cm-3576858,good,5,Fashion,2023-05-15 18:31:11,True,good,USER_0194,2023-05-15 18:31:11,2023,5,2023-05-15
KONGA_3576858_357,Konga,3263814,3576858,konga-courier-bag-small-bundle-of-20-23cm-x-37cm-3576858,Good ,3,Fashion,2023-03-28 23:29:33,True,good,USER_0194,2023-03-28 23:29:33,2023,3,2023-03-28
KONGA_3576858_358,Konga,3263814,3576858,konga-courier-bag-small-bundle-of-20-23cm-x-37cm-3576858,Good,5,Fashion,2023-05-05 17:32:56,True,good,USER_0194,2023-05-05 17:32:56,2023,5,2023-05-05
KONGA_3576858_359,Konga,3263814,3576858,konga-courier-bag-small-bundle-of-20-23cm-x-37cm-3576858,k,5,Fashion,2022-12-14 19:51:18,True,k,USER_0194,2022-12-14 19:51:18,2022,12,2022-12-14
KONGA_3576858_360,Konga,3273783,3576858,konga-courier-bag-small-bundle-of-20-23cm-x-37cm-3576858,I LIKE IT,5,Fashion,2022-09-21 09:22:29,True,i like it,USER_0195,2022-09-21 09:22:29,2022,9,2022-09-21
KONGA_3576858_361,Konga,3273783,3576858,konga-courier-bag-small-bundle-of-20-23cm-x-37cm-3576858,i like it,5,Fashion,2022-08-18 08:16:57,True,i like it,USER_0195,2022-08-18 08:16:57,2022,8,2022-08-18
KONGA_3576858_362,Konga,3273783,3576858,konga-courier-bag-small-bundle-of-20-23cm-x-37cm-3576858,ok,4,Fashion,2022-12-10 19:44:09,True,ok,USER_0195,2022-12-10 19:44:09,2022,12,2022-12-10
KONGA_3576858_363,Konga,3273783,3576858,konga-courier-bag-small-bundle-of-20-23cm-x-37cm-3576858,ok,4,Fashion,2022-12-10 19:44:33,True,ok,USER_0195,2022-12-10 19:44:33,2022,12,2022-12-10
KONGA_3576858_364,Konga,3273783,3576858,konga-courier-bag-small-bundle-of-20-23cm-x-37cm-3576858,ok,4,Fashion,2022-12-10 19:45:04,True,ok,USER_0195,2022-12-10 19:45:04,2022,12,2022-12-10
KONGA_3576858_365,Konga,3273783,3576858,konga-courier-bag-small-bundle-of-20-23cm-x-37cm-3576858,GOOD,5,Fashion,2022-09-23 21:23:16,True,good,USER_0195,2022-09-23 21:23:16,2022,9,2022-09-23
KONGA_3576858_366,Konga,3273783,3576858,konga-courier-bag-small-bundle-of-20-23cm-x-37cm-3576858,i like it,5,Fashion,2022-07-27 14:25:25,True,i like it,USER_0195,2022-07-27 14:25:25,2022,7,2022-07-27
KONGA_3576858_367,Konga,3292302,3576858,konga-courier-bag-small-bundle-of-20-23cm-x-37cm-3576858,OK,5,Fashion,2022-08-24 14:55:59,True,ok,USER_0196,2022-08-24 14:55:59,2022,8,2022-08-24
KONGA_3576858_368,Konga,3296559,3576858,konga-courier-bag-small-bundle-of-20-23cm-x-37cm-3576858,Product came very timely and was shipped with a free gift. Thank you,4,Fashion,2022-06-09 21:59:31,True,product came very timely and was shipped with a free gift. thank you,USER_0197,2022-06-09 21:59:31,2022,6,2022-06-09
KONGA_3576858_369,Konga,3299711,3576858,konga-courier-bag-small-bundle-of-20-23cm-x-37cm-3576858,Good,5,Fashion,2022-08-01 10:59:59,True,good,USER_0198,2022-08-01 10:59:59,2022,8,2022-08-01
KONGA_3576858_370,Konga,3299711,3576858,konga-courier-bag-small-bundle-of-20-23cm-x-37cm-3576858,Good,5,Fashion,2022-08-01 10:59:40,True,good,USER_0198,2022-08-01 10:59:40,2022,8,2022-08-01
KONGA_3576858_371,Konga,3307673,3576858,konga-courier-bag-small-bundle-of-20-23cm-x-37cm-3576858,Always on point,5,Fashion,2022-06-29 13:24:57,True,always on point,USER_0199,2022-06-29 13:24:57,2022,6,2022-06-29
KONGA_3576858_372,Konga,3308933,3576858,konga-courier-bag-small-bundle-of-20-23cm-x-37cm-3576858,good ,5,Fashion,2025-04-16 09:29:31,True,good,USER_0200,2025-04-16 09:29:31,2025,4,2025-04-16
KONGA_3576858_373,Konga,3332948,3576858,konga-courier-bag-small-bundle-of-20-23cm-x-37cm-3576858,Nice,4,Fashion,2022-08-08 12:46:21,True,nice,USER_0201,2022-08-08 12:46:21,2022,8,2022-08-08
KONGA_3576858_374,Konga,3332948,3576858,konga-courier-bag-small-bundle-of-20-23cm-x-37cm-3576858,Good,5,Fashion,2023-05-25 16:41:17,True,good,USER_0201,2023-05-25 16:41:17,2023,5,2023-05-25
KONGA_3576858_375,Konga,3338858,3576858,konga-courier-bag-small-bundle-of-20-23cm-x-37cm-3576858,Good,5,Fashion,2022-08-01 10:50:45,True,good,USER_0202,2022-08-01 10:50:45,2022,8,2022-08-01
KONGA_3576858_376,Konga,3338858,3576858,konga-courier-bag-small-bundle-of-20-23cm-x-37cm-3576858,Good,5,Fashion,2022-08-01 10:48:08,True,good,USER_0202,2022-08-01 10:48:08,2022,8,2022-08-01
KONGA_3576858_377,Konga,3338858,3576858,konga-courier-bag-small-bundle-of-20-23cm-x-37cm-3576858,Excellent ,5,Fashion,2022-08-01 10:40:27,True,excellent,USER_0202,2022-08-01 10:40:27,2022,8,2022-08-01
KONGA_3576858_378,Konga,3338858,3576858,konga-courier-bag-small-bundle-of-20-23cm-x-37cm-3576858,Nice,5,Fashion,2022-08-01 10:40:54,True,nice,USER_0202,2022-08-01 10:40:54,2022,8,2022-08-01
KONGA_3576858_379,Konga,3338858,3576858,konga-courier-bag-small-bundle-of-20-23cm-x-37cm-3576858,Excellent ,5,Fashion,2022-08-01 10:40:09,True,excellent,USER_0202,2022-08-01 10:40:09,2022,8,2022-08-01
KONGA_3576858_380,Konga,3338858,3576858,konga-courier-bag-small-bundle-of-20-23cm-x-37cm-3576858,Good,5,Fashion,2022-08-01 10:51:40,True,good,USER_0202,2022-08-01 10:51:40,2022,8,2022-08-01
KONGA_3576858_381,Konga,3338858,3576858,konga-courier-bag-small-bundle-of-20-23cm-x-37cm-3576858,Good,5,Fashion,2022-08-01 10:51:26,True,good,USER_0202,2022-08-01 10:51:26,2022,8,2022-08-01
KONGA_3576858_382,Konga,3369715,3576858,konga-courier-bag-small-bundle-of-20-23cm-x-37cm-3576858,Great,4,Fashion,2022-08-20 22:22:56,True,great,USER_0203,2022-08-20 22:22:56,2022,8,2022-08-20
KONGA_3576858_383,Konga,3375590,3576858,konga-courier-bag-small-bundle-of-20-23cm-x-37cm-3576858,Love it,5,Fashion,2026-01-07 17:58:45,True,love it,USER_0204,2026-01-07 17:58:45,2026,1,2026-01-07
KONGA_3576858_384,Konga,3376234,3576858,konga-courier-bag-small-bundle-of-20-23cm-x-37cm-3576858,Good,5,Fashion,2023-03-16 06:58:16,True,good,USER_0205,2023-03-16 06:58:16,2023,3,2023-03-16
KONGA_3576858_385,Konga,3394266,3576858,konga-courier-bag-small-bundle-of-20-23cm-x-37cm-3576858,Good quality ,4,Fashion,2023-05-14 07:42:22,True,good quality,USER_0206,2023-05-14 07:42:22,2023,5,2023-05-14
KONGA_3576858_386,Konga,3395126,3576858,konga-courier-bag-small-bundle-of-20-23cm-x-37cm-3576858,ok,5,Fashion,2022-08-25 10:28:39,True,ok,USER_0207,2022-08-25 10:28:39,2022,8,2022-08-25
KONGA_3576858_387,Konga,3410252,3576858,konga-courier-bag-small-bundle-of-20-23cm-x-37cm-3576858,Fast delivery  and Quality product,5,Fashion,2023-05-03 09:16:50,True,fast delivery and quality product,USER_0208,2023-05-03 09:16:50,2023,5,2023-05-03
KONGA_3576858_388,Konga,3435469,3576858,konga-courier-bag-small-bundle-of-20-23cm-x-37cm-3576858,It's ok,3,Fashion,2023-04-07 15:59:14,True,it's ok,USER_0209,2023-04-07 15:59:14,2023,4,2023-04-07
KONGA_3576858_389,Konga,3435469,3576858,konga-courier-bag-small-bundle-of-20-23cm-x-37cm-3576858,Ok.,4,Fashion,2025-01-04 12:25:19,True,ok.,USER_0209,2025-01-04 12:25:19,2025,1,2025-01-04
KONGA_3576858_390,Konga,3435469,3576858,konga-courier-bag-small-bundle-of-20-23cm-x-37cm-3576858,It's ok,4,Fashion,2023-03-28 13:16:50,True,it's ok,USER_0209,2023-03-28 13:16:50,2023,3,2023-03-28
KONGA_3576858_391,Konga,3446532,3576858,konga-courier-bag-small-bundle-of-20-23cm-x-37cm-3576858,Am satisfied ,5,Fashion,2023-04-04 16:27:38,True,am satisfied,USER_0210,2023-04-04 16:27:38,2023,4,2023-04-04
KONGA_3576858_392,Konga,3460363,3576858,konga-courier-bag-small-bundle-of-20-23cm-x-37cm-3576858,good,5,Fashion,2022-12-30 11:49:53,True,good,USER_0211,2022-12-30 11:49:53,2022,12,2022-12-30
KONGA_3576858_393,Konga,3465867,3576858,konga-courier-bag-small-bundle-of-20-23cm-x-37cm-3576858,Good,4,Fashion,2023-01-23 07:23:34,True,good,USER_0212,2023-01-23 07:23:34,2023,1,2023-01-23
KONGA_3576858_394,Konga,3478166,3576858,konga-courier-bag-small-bundle-of-20-23cm-x-37cm-3576858,Good ,4,Fashion,2023-04-20 11:38:36,True,good,USER_0213,2023-04-20 11:38:36,2023,4,2023-04-20
KONGA_3576858_395,Konga,3478166,3576858,konga-courier-bag-small-bundle-of-20-23cm-x-37cm-3576858,good,5,Fashion,2024-10-02 11:00:02,True,good,USER_0213,2024-10-02 11:00:02,2024,10,2024-10-02
KONGA_3576858_396,Konga,3478166,3576858,konga-courier-bag-small-bundle-of-20-23cm-x-37cm-3576858,fast delivery is good,5,Fashion,2023-10-25 10:29:00,True,fast delivery is good,USER_0213,2023-10-25 10:29:00,2023,10,2023-10-25
KONGA_3576858_397,Konga,3478166,3576858,konga-courier-bag-small-bundle-of-20-23cm-x-37cm-3576858,GOOD,5,Fashion,2023-09-26 08:21:17,True,good,USER_0213,2023-09-26 08:21:17,2023,9,2023-09-26
KONGA_3576858_398,Konga,3534571,3576858,konga-courier-bag-small-bundle-of-20-23cm-x-37cm-3576858,good,5,Fashion,2023-05-23 10:49:25,True,good,USER_0214,2023-05-23 10:49:25,2023,5,2023-05-23
KONGA_3576858_399,Konga,3534571,3576858,konga-courier-bag-small-bundle-of-20-23cm-x-37cm-3576858,good,5,Fashion,2023-05-23 10:48:32,True,good,USER_0214,2023-05-23 10:48:32,2023,5,2023-05-23
KONGA_3576858_400,Konga,3534571,3576858,konga-courier-bag-small-bundle-of-20-23cm-x-37cm-3576858,good,5,Fashion,2023-05-23 10:49:02,True,good,USER_0214,2023-05-23 10:49:02,2023,5,2023-05-23
KONGA_3576858_401,Konga,3538613,3576858,konga-courier-bag-small-bundle-of-20-23cm-x-37cm-3576858,COMPLETE,5,Fashion,2023-06-06 11:52:48,True,complete,USER_0215,2023-06-06 11:52:48,2023,6,2023-06-06
KONGA_3576858_402,Konga,3538613,3576858,konga-courier-bag-small-bundle-of-20-23cm-x-37cm-3576858,COMPLETE,5,Fashion,2023-06-06 12:44:00,True,complete,USER_0215,2023-06-06 12:44:00,2023,6,2023-06-06
KONGA_3576858_403,Konga,3542010,3576858,konga-courier-bag-small-bundle-of-20-23cm-x-37cm-3576858,very good,5,Fashion,2024-11-12 15:19:18,True,very good,USER_0216,2024-11-12 15:19:18,2024,11,2024-11-12
KONGA_3576858_404,Konga,3543852,3576858,konga-courier-bag-small-bundle-of-20-23cm-x-37cm-3576858,Better ,3,Fashion,2023-04-12 00:45:55,True,better,USER_0217,2023-04-12 00:45:55,2023,4,2023-04-12
KONGA_3576858_405,Konga,3667787,3576858,konga-courier-bag-small-bundle-of-20-23cm-x-37cm-3576858,Nice,5,Fashion,2023-07-31 17:36:34,True,nice,USER_0218,2023-07-31 17:36:34,2023,7,2023-07-31
KONGA_3576858_406,Konga,3688301,3576858,konga-courier-bag-small-bundle-of-20-23cm-x-37cm-3576858,Good,5,Fashion,2024-11-12 07:36:48,True,good,USER_0219,2024-11-12 07:36:48,2024,11,2024-11-12
KONGA_3576858_407,Konga,3688301,3576858,konga-courier-bag-small-bundle-of-20-23cm-x-37cm-3576858,Good,5,Fashion,2025-05-19 08:47:01,True,good,USER_0219,2025-05-19 08:47:01,2025,5,2025-05-19
KONGA_3576858_408,Konga,3688301,3576858,konga-courier-bag-small-bundle-of-20-23cm-x-37cm-3576858,Good,5,Fashion,2025-05-19 08:48:12,True,good,USER_0219,2025-05-19 08:48:12,2025,5,2025-05-19
KONGA_3576858_409,Konga,3688301,3576858,konga-courier-bag-small-bundle-of-20-23cm-x-37cm-3576858,Great,5,Fashion,2024-11-12 07:37:20,True,great,USER_0219,2024-11-12 07:37:20,2024,11,2024-11-12
KONGA_3576858_410,Konga,3688301,3576858,konga-courier-bag-small-bundle-of-20-23cm-x-37cm-3576858,Good,5,Fashion,2025-05-19 08:47:23,True,good,USER_0219,2025-05-19 08:47:23,2025,5,2025-05-19
KONGA_3576858_411,Konga,3780341,3576858,konga-courier-bag-small-bundle-of-20-23cm-x-37cm-3576858,Received it in good time,5,Fashion,2024-04-23 19:29:16,True,received it in good time,USER_0220,2024-04-23 19:29:16,2024,4,2024-04-23
KONGA_3576858_412,Konga,3816723,3576858,konga-courier-bag-small-bundle-of-20-23cm-x-37cm-3576858,OK,3,Fashion,2024-11-29 11:16:30,True,ok,USER_0221,2024-11-29 11:16:30,2024,11,2024-11-29
KONGA_3576858_413,Konga,3836914,3576858,konga-courier-bag-small-bundle-of-20-23cm-x-37cm-3576858,Good,4,Fashion,2024-11-05 09:24:53,True,good,USER_0222,2024-11-05 09:24:53,2024,11,2024-11-05
KONGA_3576858_414,Konga,3855452,3576858,konga-courier-bag-small-bundle-of-20-23cm-x-37cm-3576858,,5,Fashion,2026-06-29 17:42:42,False,,USER_0223,2026-06-29 17:42:42,2026,6,2026-06-29
KONGA_3576858_415,Konga,3855452,3576858,konga-courier-bag-small-bundle-of-20-23cm-x-37cm-3576858,I love it,5,Fashion,2026-06-29 19:05:10,True,i love it,USER_0223,2026-06-29 19:05:10,2026,6,2026-06-29
KONGA_3576858_416,Konga,3942975,3576858,konga-courier-bag-small-bundle-of-20-23cm-x-37cm-3576858,Nice,3,Fashion,2026-05-15 13:25:26,True,nice,USER_0224,2026-05-15 13:25:26,2026,5,2026-05-15
KONGA_3576858_417,Konga,3982591,3576858,konga-courier-bag-small-bundle-of-20-23cm-x-37cm-3576858,Nice products but the delivery fee being far expensive than the products price is something else,4,Fashion,2024-11-05 15:52:32,True,nice products but the delivery fee being far expensive than the products price is something else,USER_0225,2024-11-05 15:52:32,2024,11,2024-11-05
KONGA_3576858_418,Konga,4037306,3576858,konga-courier-bag-small-bundle-of-20-23cm-x-37cm-3576858,Good,4,Fashion,2025-09-27 21:33:08,True,good,USER_0226,2025-09-27 21:33:08,2025,9,2025-09-27
KONGA_3576858_419,Konga,4037306,3576858,konga-courier-bag-small-bundle-of-20-23cm-x-37cm-3576858,Good,4,Fashion,2025-09-27 21:32:47,True,good,USER_0226,2025-09-27 21:32:47,2025,9,2025-09-27
KONGA_3576858_420,Konga,4092649,3576858,konga-courier-bag-small-bundle-of-20-23cm-x-37cm-3576858,Cool ,4,Fashion,2025-04-21 05:59:48,True,cool,USER_0227,2025-04-21 05:59:48,2025,4,2025-04-21
KONGA_3576858_421,Konga,4119242,3576858,konga-courier-bag-small-bundle-of-20-23cm-x-37cm-3576858,,5,Fashion,2026-04-11 10:41:19,False,,USER_0228,2026-04-11 10:41:19,2026,4,2026-04-11
KONGA_3576858_422,Konga,4119242,3576858,konga-courier-bag-small-bundle-of-20-23cm-x-37cm-3576858,Good product ,4,Fashion,2026-04-11 10:42:19,True,good product,USER_0228,2026-04-11 10:42:19,2026,4,2026-04-11
KONGA_3576858_423,Konga,4119242,3576858,konga-courier-bag-small-bundle-of-20-23cm-x-37cm-3576858,Chill ,5,Fashion,2025-10-28 19:42:28,True,chill,USER_0228,2025-10-28 19:42:28,2025,10,2025-10-28
KONGA_3576858_424,Konga,4132602,3576858,konga-courier-bag-small-bundle-of-20-23cm-x-37cm-3576858,GOOD,3,Fashion,2026-02-23 06:27:23,True,good,USER_0229,2026-02-23 06:27:23,2026,2,2026-02-23
KONGA_3576858_425,Konga,4132602,3576858,konga-courier-bag-small-bundle-of-20-23cm-x-37cm-3576858,it's ok and portable,5,Fashion,2026-06-18 13:31:01,True,it's ok and portable,USER_0229,2026-06-18 13:31:01,2026,6,2026-06-18
KONGA_6765843_001,Konga,1734033,6765843,bag-for-ps5-fat-grey-6765843,,5,Fashion,2026-06-28 16:37:37,False,,USER_0230,2026-06-28 16:37:37,2026,6,2026-06-28
KONGA_6556750_001,Konga,1490274,6556750,bag-closer-sewing-machine-thread-30-pcs-pack-6556750,works well,5,Fashion,2024-11-28 13:35:24,True,works well,USER_0231,2024-11-28 13:35:24,2024,11,2024-11-28
KONGA_5033702_001,Konga,4214839,5033702,airforce-1-mens-sneakers-white-5033702,,5,Fashion,2026-03-11 11:20:45,False,,USER_0232,2026-03-11 11:20:45,2026,3,2026-03-11
KONGA_6642188_001,Konga,4217105,6642188,Pd 100w Usb-c 18.5-20v To 7.4×0.6 For Hp Laptop - Big Pin | Konga,Exactly as described. Thanks for coming through.,4,Electronics,2026-01-13 15:37:11,True,exactly as described. thanks for coming through.,USER_0233,2026-01-13 15:37:11,2026,1,2026-01-13
KONGA_6642188_002,Konga,4243132,6642188,Pd 100w Usb-c 18.5-20v To 7.4×0.6 For Hp Laptop - Big Pin | Konga,Great quality.,5,Electronics,2026-03-10 05:21:23,True,great quality.,USER_0234,2026-03-10 05:21:23,2026,3,2026-03-10
KONGA_6743199_001,Konga,3981229,6743199,Gt31 Magnetic Phone Cooler & Semiconductor Radiator For Mobile  Phones + Pair Sleeves | Konga,Absolutely loved it. Help prevent my toaster phone from heating while gaming ,5,Electronics,2026-06-19 13:14:23,True,absolutely loved it. help prevent my toaster phone from heating while gaming,USER_0235,2026-06-19 13:14:23,2026,6,2026-06-19
KONGA_5609036_001,Konga,2692833,5609036,2pcs Mobile Phone Gaming  L1 R1 Trigger Aiming Fire Button Controller For Iphone/android | Konga,Sometimes taps it's self but a good controller.,4,Electronics,2022-06-23 12:53:25,True,sometimes taps it's self but a good controller.,USER_0236,2022-06-23 12:53:25,2022,6,2022-06-23
KONGA_6293000_001,Konga,800757,6293000,"Nokia 3310 - Dual Sim - 2.4"" - Camera - Torch - Fm Radio Phone - 1200mah - Grey | Konga",good product,4,Electronics,2024-02-03 13:35:18,True,good product,USER_0237,2024-02-03 13:35:18,2024,2,2024-02-03
KONGA_6293000_002,Konga,800757,6293000,"Nokia 3310 - Dual Sim - 2.4"" - Camera - Torch - Fm Radio Phone - 1200mah - Grey | Konga",nice,4,Electronics,2025-08-25 20:32:35,True,nice,USER_0237,2025-08-25 20:32:35,2025,8,2025-08-25
KONGA_6293000_003,Konga,2062192,6293000,"Nokia 3310 - Dual Sim - 2.4"" - Camera - Torch - Fm Radio Phone - 1200mah - Grey | Konga",,4,Electronics,2025-07-27 00:30:04,False,,USER_0238,2025-07-27 00:30:04,2025,7,2025-07-27
KONGA_5954395_001,Konga,1052789,5954395,"Nokia 3310 - Dual Sim - 2.4"" - Camera - Torch - FM Radio Phone - 1200mAh - Grey | Konga",,4,Electronics,2025-11-03 15:51:40,False,,USER_0239,2025-11-03 15:51:40,2025,11,2025-11-03
KONGA_5954395_002,Konga,1866439,5954395,"Nokia 3310 - Dual Sim - 2.4"" - Camera - Torch - FM Radio Phone - 1200mAh - Grey | Konga",Good,5,Electronics,2024-07-04 13:24:36,True,good,USER_0240,2024-07-04 13:24:36,2024,7,2024-07-04
KONGA_5954395_003,Konga,2085121,5954395,"Nokia 3310 - Dual Sim - 2.4"" - Camera - Torch - FM Radio Phone - 1200mAh - Grey | Konga",,4,Electronics,2025-06-25 07:52:19,False,,USER_0241,2025-06-25 07:52:19,2025,6,2025-06-25
KONGA_6221517_001,Konga,775640,6221517,Huawei Landline Phone - One Sim Card | Konga,Good ,5,Electronics,2024-01-24 07:25:22,True,good,USER_0242,2024-01-24 07:25:22,2024,1,2024-01-24
KONGA_6221517_002,Konga,897572,6221517,Huawei Landline Phone - One Sim Card | Konga,Working perfectly ,5,Electronics,2024-03-19 04:12:32,True,working perfectly,USER_0243,2024-03-19 04:12:32,2024,3,2024-03-19
KONGA_6555477_001,Konga,4219646,6555477,"Bontel A15 Flip Phone - 1.77"" - Dual Sim - Color Display - 1000mAh - Green | Konga",It manageable but it should have come in type C,3,Electronics,2026-02-21 10:05:35,True,it manageable but it should have come in type c,USER_0244,2026-02-21 10:05:35,2026,2,2026-02-21
KONGA_5714439_001,Konga,1685636,5714439,Foldable Desktop Mobile Phone Holder Stand - Black | Konga,Good item,4,Electronics,2024-04-22 15:56:07,True,good item,USER_0245,2024-04-22 15:56:07,2024,4,2024-04-22
KONGA_5714439_002,Konga,1959977,5714439,Foldable Desktop Mobile Phone Holder Stand - Black | Konga,I like it,5,Electronics,2025-08-17 07:19:59,True,i like it,USER_0246,2025-08-17 07:19:59,2025,8,2025-08-17
KONGA_6113601_001,Konga,3506253,6113601,Smartphone Tripod Stand Holder Adapter | Konga,It's ok,5,Electronics,2024-03-22 04:33:26,True,it's ok,USER_0247,2024-03-22 04:33:26,2024,3,2024-03-22
KONGA_4453180_001,Konga,4003138,4453180,Baby Washing Machine | Konga,I like that your organization didn't break the package/cover like some merchants do before shipping it down. More thoughts were put into packaging the item.,4,Electronics,2024-12-20 18:15:24,True,i like that your organization didn't break the package/cover like some merchants do before shipping it down. more thoughts were put into packaging the item.,USER_0248,2024-12-20 18:15:24,2024,12,2024-12-20
KONGA_6545267_001,Konga,2260740,6545267,Foldable Mini Washing Machine -4L | Konga,Good ,5,Electronics,2024-10-16 05:43:12,True,good,USER_0249,2024-10-16 05:43:12,2024,10,2024-10-16
KONGA_6872149_001,Konga,2515306,6872149,AEON Aeon Ac Split/1.5hp/asa120j1/r410/with Kit | Konga,Very good,5,Electronics,2026-02-05 21:45:18,True,very good,USER_0250,2026-02-05 21:45:18,2026,2,2026-02-05
KONGA_1840615_001,Konga,152091,1840615,Lalique Encre Noire For Men 100ml Edt | Konga,"This seller keeps impressing with exceptional services and communication. More importantly, product is legit as always. Kayla stores never disappoints...",5,Beauty,2017-03-31 13:03:57,True,"this seller keeps impressing with exceptional services and communication. more importantly, product is legit as always. kayla stores never disappoints...",USER_0251,2017-03-31 13:03:57,2017,3,2017-03-31
KONGA_1840615_002,Konga,2512043,1840615,Lalique Encre Noire For Men 100ml Edt | Konga,Very nice and long-lasting. I received exactly what I ordered.,5,Beauty,2022-04-06 11:03:59,True,very nice and long-lasting. i received exactly what i ordered.,USER_0252,2022-04-06 11:03:59,2022,4,2022-04-06
KONGA_6435522_001,Konga,108074,6435522,Nivea Pearl & Beauty Black Pearl Fine Fragrance Antiperspirant Roll-on For Women - 48h - 50ml - Pack Of 2 | Konga,good,5,Beauty,2025-07-26 07:20:38,True,good,USER_0253,2025-07-26 07:20:38,2025,7,2025-07-26
KONGA_6435522_002,Konga,928328,6435522,Nivea Pearl & Beauty Black Pearl Fine Fragrance Antiperspirant Roll-on For Women - 48h - 50ml - Pack Of 2 | Konga,Nice fragrance ,5,Beauty,2024-12-17 10:34:03,True,nice fragrance,USER_0254,2024-12-17 10:34:03,2024,12,2024-12-17
KONGA_6435522_003,Konga,1595428,6435522,Nivea Pearl & Beauty Black Pearl Fine Fragrance Antiperspirant Roll-on For Women - 48h - 50ml - Pack Of 2 | Konga,Great ,5,Beauty,2025-12-06 04:57:10,True,great,USER_0255,2025-12-06 04:57:10,2025,12,2025-12-06
KONGA_6435522_004,Konga,2099982,6435522,Nivea Pearl & Beauty Black Pearl Fine Fragrance Antiperspirant Roll-on For Women - 48h - 50ml - Pack Of 2 | Konga,great,4,Beauty,2024-12-29 20:44:36,True,great,USER_0256,2024-12-29 20:44:36,2024,12,2024-12-29
KONGA_6435522_005,Konga,2207494,6435522,Nivea Pearl & Beauty Black Pearl Fine Fragrance Antiperspirant Roll-on For Women - 48h - 50ml - Pack Of 2 | Konga,Satisfied ,5,Beauty,2025-10-30 18:58:04,True,satisfied,USER_0131,2025-10-30 18:58:04,2025,10,2025-10-30
KONGA_6435522_006,Konga,3828676,6435522,Nivea Pearl & Beauty Black Pearl Fine Fragrance Antiperspirant Roll-on For Women - 48h - 50ml - Pack Of 2 | Konga,Excellent antiperspirant. ,5,Beauty,2025-09-06 18:16:38,True,excellent antiperspirant.,USER_0257,2025-09-06 18:16:38,2025,9,2025-09-06
KONGA_6435521_001,Konga,3847030,6435521,Nivea Pearl & Beauty Black Pearl Fine Fragrance Antiperspirant Roll-on For Women - 48h - 50ml | Konga,Good Roll-on,5,Beauty,2025-01-10 23:11:20,True,good roll-on,USER_0258,2025-01-10 23:11:20,2025,1,2025-01-10
KONGA_6435521_002,Konga,4068478,6435521,Nivea Pearl & Beauty Black Pearl Fine Fragrance Antiperspirant Roll-on For Women - 48h - 50ml | Konga,Delivery was fast. It smells nice.,4,Beauty,2025-02-24 19:50:43,True,delivery was fast. it smells nice.,USER_0259,2025-02-24 19:50:43,2025,2,2025-02-24
KONGA_6001340_001,Konga,1516707,6001340,Perfume Refill Bottle - 5ml -3pcs | Konga,Good product ,4,Beauty,2023-03-28 18:34:58,True,good product,USER_0260,2023-03-28 18:34:58,2023,3,2023-03-28
KONGA_6547995_001,Konga,2814018,6547995,"Garnier Micellar Cleansing Water, Facial Cleanser, Makeup Remover & Suitable for sensitive skin - 400ml | Konga",,4,Beauty,2026-06-07 15:14:39,False,,USER_0261,2026-06-07 15:14:39,2026,6,2026-06-07
KONGA_6183126_001,Konga,4138358,6183126,Kakiva Shampoo - 500ML | Konga,"Great shampoo, little goes a long way, it's clarifying but doesn't tangle the hair actually helps with detangling and smells herbal. Lovely ",5,Beauty,2026-01-20 08:00:23,True,"great shampoo, little goes a long way, it's clarifying but doesn't tangle the hair actually helps with detangling and smells herbal. lovely",USER_0262,2026-01-20 08:00:23,2026,1,2026-01-20
KONGA_4997052_001,Konga,523334,4997052,White Care White Care Body Shampoo - 1000ml X 2pcs | Konga,Good product ,5,Beauty,2025-06-10 08:12:46,True,good product,USER_0263,2025-06-10 08:12:46,2025,6,2025-06-10
KONGA_4997052_002,Konga,523334,4997052,White Care White Care Body Shampoo - 1000ml X 2pcs | Konga,,4,Beauty,2026-04-28 22:20:15,False,,USER_0263,2026-04-28 22:20:15,2026,4,2026-04-28
KONGA_4997052_003,Konga,523334,4997052,White Care White Care Body Shampoo - 1000ml X 2pcs | Konga,Great ,5,Beauty,2025-12-11 00:16:17,True,great,USER_0263,2025-12-11 00:16:17,2025,12,2025-12-11
KONGA_4997052_004,Konga,523334,4997052,White Care White Care Body Shampoo - 1000ml X 2pcs | Konga,Ok,5,Beauty,2024-11-08 23:43:43,True,ok,USER_0263,2024-11-08 23:43:43,2024,11,2024-11-08
KONGA_6460554_001,Konga,2023553,6460554,Tresemme Shampoo Curl Hydration - 28 Ounce -  828ml | Konga,Excellent product ,4,Beauty,2024-09-13 08:31:04,True,excellent product,USER_0264,2024-09-13 08:31:04,2024,9,2024-09-13
KONGA_5412873_001,Konga,654148,5412873,Dexe Hair Dye Shampoo - 10 Sachets | Konga,GOOD. IT WORK ON HAIR IT WILL NOT RESIDES ON SKEEN.,5,Beauty,2022-03-09 11:30:02,True,good. it work on hair it will not resides on skeen.,USER_0265,2022-03-09 11:30:02,2022,3,2022-03-09
KONGA_5147573_001,Konga,1231104,5147573,Roushun Skincare Vitamin C Serum - 30ml | Konga,"I enjoyed the product,came as seen",5,Beauty,2022-03-06 01:28:34,True,"i enjoyed the product,came as seen",USER_0266,2022-03-06 01:28:34,2022,3,2022-03-06
KONGA_6435526_001,Konga,872996,6435526,Nivea Men Invisible Black & White Antiperspirant Roll-on - 72h - 50ml - Pack Of 2,,5,Beauty,2025-06-20 10:05:11,False,,USER_0267,2025-06-20 10:05:11,2025,6,2025-06-20
KONGA_6435526_002,Konga,2074338,6435526,Nivea Men Invisible Black & White Antiperspirant Roll-on - 72h - 50ml - Pack Of 2,,5,Beauty,2025-10-15 15:28:42,False,,USER_0268,2025-10-15 15:28:42,2025,10,2025-10-15
KONGA_6435525_001,Konga,2297756,6435525,Nivea Men Invisible Black & White Antiperspirant Roll-on - 72h - 50ml,good buy,5,Beauty,2025-09-19 11:50:04,True,good buy,USER_0269,2025-09-19 11:50:04,2025,9,2025-09-19
KONGA_6191899_001,Konga,1472496,6191899,Nivea Dry Impact Roll-on For Men 72h - 50ml,yes,4,Beauty,2024-12-08 06:56:59,True,yes,USER_0270,2024-12-08 06:56:59,2024,12,2024-12-08
KONGA_6191899_002,Konga,1774560,6191899,Nivea Dry Impact Roll-on For Men 72h - 50ml,ok,3,Beauty,2024-09-14 05:08:02,True,ok,USER_0271,2024-09-14 05:08:02,2024,9,2024-09-14
KONGA_6191899_003,Konga,2804128,6191899,Nivea Dry Impact Roll-on For Men 72h - 50ml,Good,4,Beauty,2025-04-10 14:54:31,True,good,USER_0272,2025-04-10 14:54:31,2025,4,2025-04-10
KONGA_6191899_004,Konga,3341914,6191899,Nivea Dry Impact Roll-on For Men 72h - 50ml,Product well packaged and met intact,4,Beauty,2024-09-05 15:40:05,True,product well packaged and met intact,USER_0273,2024-09-05 15:40:05,2024,9,2024-09-05
KONGA_6191899_005,Konga,3688337,6191899,Nivea Dry Impact Roll-on For Men 72h - 50ml,Satisfactory,5,Beauty,2023-09-04 15:37:33,True,satisfactory,USER_0274,2023-09-04 15:37:33,2023,9,2023-09-04
KONGA_6191899_006,Konga,4003460,6191899,Nivea Dry Impact Roll-on For Men 72h - 50ml,Nice one ,5,Beauty,2024-11-28 10:45:17,True,nice one,USER_0275,2024-11-28 10:45:17,2024,11,2024-11-28
KONGA_6191899_007,Konga,4010589,6191899,Nivea Dry Impact Roll-on For Men 72h - 50ml,"Awesome product, being using it since I was a teenager now in my thirties. The quality hasn't changed ",5,Beauty,2024-12-14 20:42:57,True,"awesome product, being using it since i was a teenager now in my thirties. the quality hasn't changed",USER_0276,2024-12-14 20:42:57,2024,12,2024-12-14
KONGA_6191899_008,Konga,4133544,6191899,Nivea Dry Impact Roll-on For Men 72h - 50ml,Very good,5,Beauty,2025-12-01 10:51:26,True,very good,USER_0277,2025-12-01 10:51:26,2025,12,2025-12-01
KONGA_6073774_001,Konga,863500,6073774,Nivea Deep Antiperspirant Roll-on For Men - 72h - 50ml,Great!,5,Beauty,2025-05-08 09:03:16,True,great!,USER_0278,2025-05-08 09:03:16,2025,5,2025-05-08
KONGA_6073774_002,Konga,1729817,6073774,Nivea Deep Antiperspirant Roll-on For Men - 72h - 50ml,Good ,5,Beauty,2025-06-13 16:31:59,True,good,USER_0279,2025-06-13 16:31:59,2025,6,2025-06-13
KONGA_6073774_003,Konga,3341914,6073774,Nivea Deep Antiperspirant Roll-on For Men - 72h - 50ml,Nice,4,Beauty,2025-11-04 10:00:16,True,nice,USER_0273,2025-11-04 10:00:16,2025,11,2025-11-04
KONGA_6073774_004,Konga,4044625,6073774,Nivea Deep Antiperspirant Roll-on For Men - 72h - 50ml,Good,5,Beauty,2025-02-22 10:28:29,True,good,USER_0280,2025-02-22 10:28:29,2025,2,2025-02-22
KONGA_6073774_005,Konga,4044625,6073774,Nivea Deep Antiperspirant Roll-on For Men - 72h - 50ml,Good! And quick delivery,5,Beauty,2025-02-22 08:26:14,True,good! and quick delivery,USER_0280,2025-02-22 08:26:14,2025,2,2025-02-22
KONGA_6073772_001,Konga,3604214,6073772,Nivea Revitalising Body Lotion For Men - 400ml,"nice product, nice scents. very nice on my body and free delivery as bonus. ",5,Beauty,2025-10-12 16:37:56,True,"nice product, nice scents. very nice on my body and free delivery as bonus.",USER_0281,2025-10-12 16:37:56,2025,10,2025-10-12
KONGA_6073772_002,Konga,3926684,6073772,Nivea Revitalising Body Lotion For Men - 400ml,Fine ,5,Beauty,2026-06-29 14:05:28,True,fine,USER_0282,2026-06-29 14:05:28,2026,6,2026-06-29
KONGA_6073772_003,Konga,4111122,6073772,Nivea Revitalising Body Lotion For Men - 400ml,Good ,5,Beauty,2025-08-19 08:05:38,True,good,USER_0283,2025-08-19 08:05:38,2025,8,2025-08-19
KONGA_6073772_004,Konga,4126704,6073772,Nivea Revitalising Body Lotion For Men - 400ml,Good,5,Beauty,2025-08-17 23:31:35,True,good,USER_0284,2025-08-17 23:31:35,2025,8,2025-08-17
KONGA_6073772_005,Konga,4215305,6073772,Nivea Revitalising Body Lotion For Men - 400ml,I got what i ordered just as described I loved the product though more wins konga ,5,Beauty,2026-01-28 15:20:47,True,i got what i ordered just as described i loved the product though more wins konga,USER_0285,2026-01-28 15:20:47,2026,1,2026-01-28
KONGA_4850843_001,Konga,1176431,4850843,"Nivea Silver Protect Anti-perspirant Spray For Men, 48h - 200ml (pack Of 2)",The product met my expectation.,5,Beauty,2025-05-30 15:09:48,True,the product met my expectation.,USER_0286,2025-05-30 15:09:48,2025,5,2025-05-30
KONGA_4850843_002,Konga,2738741,4850843,"Nivea Silver Protect Anti-perspirant Spray For Men, 48h - 200ml (pack Of 2)",Good,5,Beauty,2022-02-16 07:41:49,True,good,USER_0287,2022-02-16 07:41:49,2022,2,2022-02-16
KONGA_4850843_003,Konga,2738741,4850843,"Nivea Silver Protect Anti-perspirant Spray For Men, 48h - 200ml (pack Of 2)",Awesome,5,Beauty,2022-04-06 11:02:27,True,awesome,USER_0287,2022-04-06 11:02:27,2022,4,2022-04-06
KONGA_4852864_001,Konga,718575,4852864,Nivea Black & White Invisible Original Anti-perspirant Spray For Men - 48h - 200ml x 2,Ok,5,Beauty,2025-08-16 17:34:53,True,ok,USER_0288,2025-08-16 17:34:53,2025,8,2025-08-16
KONGA_4852864_002,Konga,837564,4852864,Nivea Black & White Invisible Original Anti-perspirant Spray For Men - 48h - 200ml x 2,Nice,5,Beauty,2025-08-25 22:54:48,True,nice,USER_0289,2025-08-25 22:54:48,2025,8,2025-08-25
KONGA_4852864_003,Konga,3082496,4852864,Nivea Black & White Invisible Original Anti-perspirant Spray For Men - 48h - 200ml x 2,good,4,Beauty,2026-03-24 12:30:04,True,good,USER_0290,2026-03-24 12:30:04,2026,3,2026-03-24
KONGA_6735649_001,Konga,3188630,6735649,Nivea Men Black & White Invisible Original Anti-perspirant Spray For Men 48h - 200ml,Good,4,Beauty,2026-04-07 14:40:52,True,good,USER_0291,2026-04-07 14:40:52,2026,4,2026-04-07
KONGA_6435518_001,Konga,108074,6435518,Nivea Dry Comfort Antiperspirant Roll-on For Women - 72h - 50ml - Pack of 2,a,5,Beauty,2025-03-09 16:19:23,True,a,USER_0253,2025-03-09 16:19:23,2025,3,2025-03-09
KONGA_6435518_002,Konga,383836,6435518,Nivea Dry Comfort Antiperspirant Roll-on For Women - 72h - 50ml - Pack of 2,NICE,5,Beauty,2025-05-28 07:34:30,True,nice,USER_0292,2025-05-28 07:34:30,2025,5,2025-05-28
KONGA_6435518_003,Konga,725108,6435518,Nivea Dry Comfort Antiperspirant Roll-on For Women - 72h - 50ml - Pack of 2,good,5,Beauty,2026-01-13 14:23:28,True,good,USER_0293,2026-01-13 14:23:28,2026,1,2026-01-13
KONGA_6435518_004,Konga,1270110,6435518,Nivea Dry Comfort Antiperspirant Roll-on For Women - 72h - 50ml - Pack of 2,fantastic!,5,Beauty,2024-10-15 14:22:30,True,fantastic!,USER_0294,2024-10-15 14:22:30,2024,10,2024-10-15
KONGA_6435518_005,Konga,4021618,6435518,Nivea Dry Comfort Antiperspirant Roll-on For Women - 72h - 50ml - Pack of 2,Nice product well packaged ,5,Beauty,2025-01-04 17:13:56,True,nice product well packaged,USER_0295,2025-01-04 17:13:56,2025,1,2025-01-04
KONGA_6435518_006,Konga,4040134,6435518,Nivea Dry Comfort Antiperspirant Roll-on For Women - 72h - 50ml - Pack of 2,I'm very satisfied with the product ,5,Beauty,2025-03-17 15:07:54,True,i'm very satisfied with the product,USER_0296,2025-03-17 15:07:54,2025,3,2025-03-17
KONGA_6435518_007,Konga,4113192,6435518,Nivea Dry Comfort Antiperspirant Roll-on For Women - 72h - 50ml - Pack of 2,Quality and origina as expected.,5,Beauty,2025-05-25 07:55:42,True,quality and origina as expected.,USER_0297,2025-05-25 07:55:42,2025,5,2025-05-25
KONGA_6435517_001,Konga,4003460,6435517,Nivea Dry Comfort Antiperspirant Roll-on For Women - 72h - 50ml,Nice one ,5,Beauty,2024-11-28 10:45:44,True,nice one,USER_0275,2024-11-28 10:45:44,2024,11,2024-11-28
KONGA_6198532_001,Konga,2168469,6198532,Nivea Strawberry Shine Lip Balm For Women - 4.8g,I love it ,5,Beauty,2025-12-01 08:17:32,True,i love it,USER_0017,2025-12-01 08:17:32,2025,12,2025-12-01
KONGA_6198532_002,Konga,3231109,6198532,Nivea Strawberry Shine Lip Balm For Women - 4.8g,good,4,Beauty,2023-09-22 09:47:30,True,good,USER_0298,2023-09-22 09:47:30,2023,9,2023-09-22
KONGA_6198532_003,Konga,3694006,6198532,Nivea Strawberry Shine Lip Balm For Women - 4.8g,Good product ,5,Beauty,2023-08-30 18:24:26,True,good product,USER_0299,2023-08-30 18:24:26,2023,8,2023-08-30
KONGA_6198532_004,Konga,4039018,6198532,Nivea Strawberry Shine Lip Balm For Women - 4.8g,No complaints ,5,Beauty,2025-01-13 10:04:15,True,no complaints,USER_0300,2025-01-13 10:04:15,2025,1,2025-01-13
KONGA_6198531_001,Konga,632120,6198531,Nivea Blackberry Shine Lip Balm For Women - 4.8g, ,5,Beauty,2025-07-21 13:41:13,False,,USER_0301,2025-07-21 13:41:13,2025,7,2025-07-21
KONGA_6198531_002,Konga,1118446,6198531,Nivea Blackberry Shine Lip Balm For Women - 4.8g,good,5,Beauty,2023-09-22 13:40:56,True,good,USER_0302,2023-09-22 13:40:56,2023,9,2023-09-22
KONGA_6198531_003,Konga,2263272,6198531,Nivea Blackberry Shine Lip Balm For Women - 4.8g,Doesn't last too long but it is okay and gives my lips a pinkish colour that looks really nice. ,5,Beauty,2023-09-24 17:09:48,True,doesn't last too long but it is okay and gives my lips a pinkish colour that looks really nice.,USER_0303,2023-09-24 17:09:48,2023,9,2023-09-24
KONGA_6198531_004,Konga,2581438,6198531,Nivea Blackberry Shine Lip Balm For Women - 4.8g,awesome,5,Beauty,2023-09-19 09:03:42,True,awesome,USER_0304,2023-09-19 09:03:42,2023,9,2023-09-19
KONGA_6198531_005,Konga,3578632,6198531,Nivea Blackberry Shine Lip Balm For Women - 4.8g,My favorite flavour,5,Beauty,2023-09-13 21:17:11,True,my favorite flavour,USER_0305,2023-09-13 21:17:11,2023,9,2023-09-13
KONGA_6198531_006,Konga,4031005,6198531,Nivea Blackberry Shine Lip Balm For Women - 4.8g,A good buy.,5,Beauty,2024-12-31 12:49:48,True,a good buy.,USER_0306,2024-12-31 12:49:48,2024,12,2024-12-31
KONGA_6073767_001,Konga,632120,6073767,Nivea Express Hydration Body Lotion For Women - 400ml, ,5,Beauty,2025-07-21 13:44:03,False,,USER_0301,2025-07-21 13:44:03,2025,7,2025-07-21
KONGA_6073767_002,Konga,3082496,6073767,Nivea Express Hydration Body Lotion For Women - 400ml,exactly as described,5,Beauty,2026-06-17 13:22:31,True,exactly as described,USER_0290,2026-06-17 13:22:31,2026,6,2026-06-17
KONGA_6073767_003,Konga,3935681,6073767,Nivea Express Hydration Body Lotion For Women - 400ml,Needed this hydration for the weather. Really Worth it.,5,Beauty,2025-07-22 14:43:18,True,needed this hydration for the weather. really worth it.,USER_0307,2025-07-22 14:43:18,2025,7,2025-07-22
KONGA_6073761_001,Konga,2727353,6073761,Nivea Nourishing Cocoa Body Lotion For Women - 400ml,good ,5,Beauty,2025-07-25 09:05:00,True,good,USER_0308,2025-07-25 09:05:00,2025,7,2025-07-25
KONGA_6073761_002,Konga,3385328,6073761,Nivea Nourishing Cocoa Body Lotion For Women - 400ml,Good product,5,Beauty,2025-05-25 14:45:25,True,good product,USER_0309,2025-05-25 14:45:25,2025,5,2025-05-25
KONGA_6073761_003,Konga,3578632,6073761,Nivea Nourishing Cocoa Body Lotion For Women - 400ml,Beautiful goodness,5,Beauty,2023-09-13 21:18:16,True,beautiful goodness,USER_0305,2023-09-13 21:18:16,2023,9,2023-09-13
KONGA_6073761_004,Konga,3775887,6073761,Nivea Nourishing Cocoa Body Lotion For Women - 400ml,Ok,5,Beauty,2023-12-27 08:55:01,True,ok,USER_0310,2023-12-27 08:55:01,2023,12,2023-12-27
KONGA_6073761_005,Konga,3935681,6073761,Nivea Nourishing Cocoa Body Lotion For Women - 400ml,Feels so good on my skin. I love it.,5,Beauty,2025-07-22 14:42:06,True,feels so good on my skin. i love it.,USER_0307,2025-07-22 14:42:06,2025,7,2025-07-22
KONGA_6073760_001,Konga,632120,6073760,Nivea Rich Nourishing Body Lotion For Women - 400ml, ,5,Beauty,2025-07-21 13:42:57,False,,USER_0301,2025-07-21 13:42:57,2025,7,2025-07-21
KONGA_6073760_002,Konga,3385328,6073760,Nivea Rich Nourishing Body Lotion For Women - 400ml,Lovely product,4,Beauty,2025-05-25 14:49:21,True,lovely product,USER_0309,2025-05-25 14:49:21,2025,5,2025-05-25
KONGA_6073760_003,Konga,3561935,6073760,Nivea Rich Nourishing Body Lotion For Women - 400ml,GOOD,5,Beauty,2023-08-23 15:44:45,True,good,USER_0311,2023-08-23 15:44:45,2023,8,2023-08-23
KONGA_6073760_004,Konga,3578632,6073760,Nivea Rich Nourishing Body Lotion For Women - 400ml,Loooooooove it,5,Beauty,2023-09-13 21:16:48,True,loooooooove it,USER_0305,2023-09-13 21:16:48,2023,9,2023-09-13
KONGA_6073760_005,Konga,3935681,6073760,Nivea Rich Nourishing Body Lotion For Women - 400ml,As expected,5,Beauty,2026-04-17 09:31:40,True,as expected,USER_0307,2026-04-17 09:31:40,2026,4,2026-04-17
KONGA_6073760_006,Konga,3935681,6073760,Nivea Rich Nourishing Body Lotion For Women - 400ml,Good quality,5,Beauty,2026-05-29 09:30:57,True,good quality,USER_0307,2026-05-29 09:30:57,2026,5,2026-05-29
KONGA_6073760_007,Konga,3935681,6073760,Nivea Rich Nourishing Body Lotion For Women - 400ml,As expected,5,Beauty,2026-04-17 09:31:19,True,as expected,USER_0307,2026-04-17 09:31:19,2026,4,2026-04-17
KONGA_6067962_001,Konga,632120,6067962,Nivea Perfect & Radiant Body Lotion For Women - 400ml, ,5,Beauty,2025-07-21 13:46:08,False,,USER_0301,2025-07-21 13:46:08,2025,7,2025-07-21
KONGA_6067962_002,Konga,3786251,6067962,Nivea Perfect & Radiant Body Lotion For Women - 400ml,Good!,4,Beauty,2024-02-14 18:04:48,True,good!,USER_0312,2024-02-14 18:04:48,2024,2,2024-02-14
KONGA_6067962_003,Konga,3932454,6067962,Nivea Perfect & Radiant Body Lotion For Women - 400ml,As expected.,4,Beauty,2025-04-25 03:23:27,True,as expected.,USER_0313,2025-04-25 03:23:27,2025,4,2025-04-25
KONGA_6067962_004,Konga,3965247,6067962,Nivea Perfect & Radiant Body Lotion For Women - 400ml,"It's a good product. I couldn't help but notice it's thinner though, not as thick as before. Is there any reason why?",5,Beauty,2026-05-28 10:51:41,True,"it's a good product. i couldn't help but notice it's thinner though, not as thick as before. is there any reason why?",USER_0314,2026-05-28 10:51:41,2026,5,2026-05-28
KONGA_6067962_005,Konga,4226353,6067962,Nivea Perfect & Radiant Body Lotion For Women - 400ml,Good,5,Beauty,2026-02-03 12:45:17,True,good,USER_0315,2026-02-03 12:45:17,2026,2,2026-02-03
KONGA_4852880_001,Konga,920973,4852880,Nivea Pearl & Beauty Anti-perspirant Spray For Women - 72h - 200ml - Pack of 2,Love it ,5,Beauty,2025-06-22 07:33:35,True,love it,USER_0316,2025-06-22 07:33:35,2025,6,2025-06-22
KONGA_4852880_002,Konga,3326618,4852880,Nivea Pearl & Beauty Anti-perspirant Spray For Women - 72h - 200ml - Pack of 2,Thanks ,4,Beauty,2024-03-17 21:09:45,True,thanks,USER_0317,2024-03-17 21:09:45,2024,3,2024-03-17
KONGA_4852880_003,Konga,4272247,4852880,Nivea Pearl & Beauty Anti-perspirant Spray For Women - 72h - 200ml - Pack of 2,,5,Beauty,2026-06-29 17:42:26,False,,USER_0318,2026-06-29 17:42:26,2026,6,2026-06-29
KONGA_4705553_001,Konga,777203,4705553,Nivea Rich Nourishing Body Lotion For Women - 400ml - Pack Of 2,Good,4,Beauty,2021-04-14 10:51:43,True,good,USER_0319,2021-04-14 10:51:43,2021,4,2021-04-14
KONGA_4705553_002,Konga,3019206,4705553,Nivea Rich Nourishing Body Lotion For Women - 400ml - Pack Of 2,Perfect,5,Beauty,2022-06-19 09:18:46,True,perfect,USER_0320,2022-06-19 09:18:46,2022,6,2022-06-19
KONGA_4705553_003,Konga,3109875,4705553,Nivea Rich Nourishing Body Lotion For Women - 400ml - Pack Of 2,good for all skin types... ,5,Beauty,2022-03-16 12:06:16,True,good for all skin types...,USER_0321,2022-03-16 12:06:16,2022,3,2022-03-16
KONGA_6191839_001,Konga,1270110,6191839,Nivea Radiant & Beauty Advanced Care Lotion For Women - 400ml - Pack Of 2,I love the feel of the product on my skin,5,Beauty,2024-10-15 14:22:06,True,i love the feel of the product on my skin,USER_0294,2024-10-15 14:22:06,2024,10,2024-10-15
KONGA_6191839_002,Konga,1696293,6191839,Nivea Radiant & Beauty Advanced Care Lotion For Women - 400ml - Pack Of 2,Good,4,Beauty,2024-12-14 10:07:12,True,good,USER_0322,2024-12-14 10:07:12,2024,12,2024-12-14
KONGA_6435523_001,Konga,4073885,6435523,Nivea Black & White Invisible Clear Antiperspirant Roll-on For Women - 48h - 50ml,Good,4,Beauty,2026-02-06 10:52:32,True,good,USER_0323,2026-02-06 10:52:32,2026,2,2026-02-06
KONGA_6191872_001,Konga,725477,6191872,Nivea Radiant & Beauty Even Glow Body Lotion For Women - 400ml - Pack Of 2,,5,Beauty,2026-01-02 10:46:51,False,,USER_0324,2026-01-02 10:46:51,2026,1,2026-01-02
KONGA_6191872_002,Konga,725477,6191872,Nivea Radiant & Beauty Even Glow Body Lotion For Women - 400ml - Pack Of 2,,5,Beauty,2025-08-10 20:08:35,False,,USER_0324,2025-08-10 20:08:35,2025,8,2025-08-10
KONGA_6191872_003,Konga,737109,6191872,Nivea Radiant & Beauty Even Glow Body Lotion For Women - 400ml - Pack Of 2,Best budget lotion for dark spots,5,Beauty,2026-06-18 07:51:32,True,best budget lotion for dark spots,USER_0325,2026-06-18 07:51:32,2026,6,2026-06-18
KONGA_6191872_004,Konga,745570,6191872,Nivea Radiant & Beauty Even Glow Body Lotion For Women - 400ml - Pack Of 2,GOOD,4,Beauty,2025-10-08 14:31:03,True,good,USER_0326,2025-10-08 14:31:03,2025,10,2025-10-08
KONGA_6191872_005,Konga,838610,6191872,Nivea Radiant & Beauty Even Glow Body Lotion For Women - 400ml - Pack Of 2,Good,4,Beauty,2025-05-01 08:45:16,True,good,USER_0327,2025-05-01 08:45:16,2025,5,2025-05-01
KONGA_6191872_006,Konga,1258917,6191872,Nivea Radiant & Beauty Even Glow Body Lotion For Women - 400ml - Pack Of 2,Great. Ordered my body cream for the next 4 months!,5,Beauty,2025-08-26 12:18:43,True,great. ordered my body cream for the next 4 months!,USER_0328,2025-08-26 12:18:43,2025,8,2025-08-26
KONGA_6191872_007,Konga,1394909,6191872,Nivea Radiant & Beauty Even Glow Body Lotion For Women - 400ml - Pack Of 2,It smells good.,4,Beauty,2025-03-18 06:47:45,True,it smells good.,USER_0329,2025-03-18 06:47:45,2025,3,2025-03-18
KONGA_6191872_008,Konga,1437066,6191872,Nivea Radiant & Beauty Even Glow Body Lotion For Women - 400ml - Pack Of 2,Love it,5,Beauty,2025-06-27 14:18:51,True,love it,USER_0330,2025-06-27 14:18:51,2025,6,2025-06-27
KONGA_6191872_009,Konga,1661068,6191872,Nivea Radiant & Beauty Even Glow Body Lotion For Women - 400ml - Pack Of 2,Great,5,Beauty,2026-02-25 16:46:55,True,great,USER_0331,2026-02-25 16:46:55,2026,2,2026-02-25
KONGA_6191872_010,Konga,2455416,6191872,Nivea Radiant & Beauty Even Glow Body Lotion For Women - 400ml - Pack Of 2,Excellent ,5,Beauty,2024-10-22 05:37:59,True,excellent,USER_0332,2024-10-22 05:37:59,2024,10,2024-10-22
KONGA_6191872_011,Konga,2904742,6191872,Nivea Radiant & Beauty Even Glow Body Lotion For Women - 400ml - Pack Of 2,,5,Beauty,2025-07-24 22:20:19,False,,USER_0333,2025-07-24 22:20:19,2025,7,2025-07-24
KONGA_6191872_012,Konga,3385328,6191872,Nivea Radiant & Beauty Even Glow Body Lotion For Women - 400ml - Pack Of 2,Bought for her and she loves the smoothness on her skin,4,Beauty,2025-11-06 06:27:06,True,bought for her and she loves the smoothness on her skin,USER_0309,2025-11-06 06:27:06,2025,11,2025-11-06
KONGA_6191872_013,Konga,3387362,6191872,Nivea Radiant & Beauty Even Glow Body Lotion For Women - 400ml - Pack Of 2,,5,Beauty,2025-10-09 17:46:34,False,,USER_0334,2025-10-09 17:46:34,2025,10,2025-10-09
KONGA_6191872_014,Konga,3425652,6191872,Nivea Radiant & Beauty Even Glow Body Lotion For Women - 400ml - Pack Of 2,,3,Beauty,2026-06-10 07:31:10,False,,USER_0335,2026-06-10 07:31:10,2026,6,2026-06-10
KONGA_6191872_015,Konga,3910130,6191872,Nivea Radiant & Beauty Even Glow Body Lotion For Women - 400ml - Pack Of 2,Great product,5,Beauty,2025-05-04 10:17:14,True,great product,USER_0336,2025-05-04 10:17:14,2025,5,2025-05-04
KONGA_6191872_016,Konga,4137629,6191872,Nivea Radiant & Beauty Even Glow Body Lotion For Women - 400ml - Pack Of 2,,5,Beauty,2025-08-23 00:01:35,False,,USER_0337,2025-08-23 00:01:35,2025,8,2025-08-23
KONGA_6191872_017,Konga,4220471,6191872,Nivea Radiant & Beauty Even Glow Body Lotion For Women - 400ml - Pack Of 2,,3,Beauty,2026-01-27 11:20:15,False,,USER_0020,2026-01-27 11:20:15,2026,1,2026-01-27
KONGA_6191856_001,Konga,632120,6191856,Nivea Radiant & Beauty Even Glow Body Lotion For Women - 400ml, ,5,Beauty,2025-07-21 13:45:11,False,,USER_0301,2025-07-21 13:45:11,2025,7,2025-07-21
KONGA_6191856_002,Konga,979331,6191856,Nivea Radiant & Beauty Even Glow Body Lotion For Women - 400ml,Great product,5,Beauty,2025-03-14 09:36:34,True,great product,USER_0338,2025-03-14 09:36:34,2025,3,2025-03-14
KONGA_6191856_003,Konga,1379734,6191856,Nivea Radiant & Beauty Even Glow Body Lotion For Women - 400ml,"I love it, it’s cool on the skin ",5,Beauty,2024-05-01 10:36:32,True,"i love it, it’s cool on the skin",USER_0339,2024-05-01 10:36:32,2024,5,2024-05-01
KONGA_6191856_004,Konga,3069962,6191856,Nivea Radiant & Beauty Even Glow Body Lotion For Women - 400ml,lovely,5,Beauty,2024-09-05 08:31:17,True,lovely,USER_0340,2024-09-05 08:31:17,2024,9,2024-09-05
KONGA_6191856_005,Konga,3387362,6191856,Nivea Radiant & Beauty Even Glow Body Lotion For Women - 400ml,,5,Beauty,2025-10-17 07:07:44,False,,USER_0334,2025-10-17 07:07:44,2025,10,2025-10-17
KONGA_6191856_006,Konga,3688511,6191856,Nivea Radiant & Beauty Even Glow Body Lotion For Women - 400ml,nice,5,Beauty,2023-08-29 16:13:53,True,nice,USER_0341,2023-08-29 16:13:53,2023,8,2023-08-29
KONGA_6191856_007,Konga,3762075,6191856,Nivea Radiant & Beauty Even Glow Body Lotion For Women - 400ml,Good product ,5,Beauty,2023-11-24 06:23:27,True,good product,USER_0342,2023-11-24 06:23:27,2023,11,2023-11-24
KONGA_6191856_008,Konga,4073885,6191856,Nivea Radiant & Beauty Even Glow Body Lotion For Women - 400ml,Always a great buy.,5,Beauty,2025-05-06 08:40:34,True,always a great buy.,USER_0323,2025-05-06 08:40:34,2025,5,2025-05-06
KONGA_6191856_009,Konga,4128199,6191856,Nivea Radiant & Beauty Even Glow Body Lotion For Women - 400ml,,4,Beauty,2025-06-25 08:26:50,False,,USER_0343,2025-06-25 08:26:50,2025,6,2025-06-25
KONGA_6191856_010,Konga,4229465,6191856,Nivea Radiant & Beauty Even Glow Body Lotion For Women - 400ml,Just what I ordered.,4,Beauty,2026-02-20 19:17:43,True,just what i ordered.,USER_0344,2026-02-20 19:17:43,2026,2,2026-02-20
KONGA_6191833_001,Konga,1102911,6191833,Nivea Radiant & Beauty Advanced Care Body Lotion For Women - 400ml,Effective ,4,Beauty,2024-04-18 14:14:59,True,effective,USER_0345,2024-04-18 14:14:59,2024,4,2024-04-18
KONGA_6191833_002,Konga,3583342,6191833,Nivea Radiant & Beauty Advanced Care Body Lotion For Women - 400ml,WONDERFUL,5,Beauty,2025-08-04 17:38:17,True,wonderful,USER_0346,2025-08-04 17:38:17,2025,8,2025-08-04
KONGA_6191833_003,Konga,4039018,6191833,Nivea Radiant & Beauty Advanced Care Body Lotion For Women - 400ml,Love it,5,Beauty,2025-01-13 10:03:51,True,love it,USER_0300,2025-01-13 10:03:51,2025,1,2025-01-13
KONGA_4852885_001,Konga,718575,4852885,"Nivea Black & White Invisible Clear Anti-perspirant Spray For Women, 48h - 200ml - Pack of 2",Ok,5,Beauty,2025-08-16 17:34:42,True,ok,USER_0288,2025-08-16 17:34:42,2025,8,2025-08-16
KONGA_4852885_002,Konga,873936,4852885,"Nivea Black & White Invisible Clear Anti-perspirant Spray For Women, 48h - 200ml - Pack of 2",Arrived as described,5,Beauty,2025-04-16 10:07:51,True,arrived as described,USER_0347,2025-04-16 10:07:51,2025,4,2025-04-16
KONGA_4852885_003,Konga,3017947,4852885,"Nivea Black & White Invisible Clear Anti-perspirant Spray For Women, 48h - 200ml - Pack of 2","Quality and lasting, worth the buy",5,Beauty,2023-12-15 13:18:06,True,"quality and lasting, worth the buy",USER_0348,2023-12-15 13:18:06,2023,12,2023-12-15
KONGA_4900832_001,Konga,1839436,4900832,Nivea Perfect & Radiant 3 In 1 Face Cleanser For Women - 150ml,Prompt delivery and fantastic product ,4,Beauty,2025-07-27 12:08:04,True,prompt delivery and fantastic product,USER_0349,2025-07-27 12:08:04,2025,7,2025-07-27
KONGA_4900832_002,Konga,2904742,4900832,Nivea Perfect & Radiant 3 In 1 Face Cleanser For Women - 150ml,,5,Beauty,2025-07-24 22:20:19,False,,USER_0333,2025-07-24 22:20:19,2025,7,2025-07-24
KONGA_4900832_003,Konga,2904742,4900832,Nivea Perfect & Radiant 3 In 1 Face Cleanser For Women - 150ml,,5,Beauty,2025-12-13 03:07:25,False,,USER_0333,2025-12-13 03:07:25,2025,12,2025-12-13
KONGA_4900832_004,Konga,3578632,4900832,Nivea Perfect & Radiant 3 In 1 Face Cleanser For Women - 150ml,Great value for money,5,Beauty,2023-09-13 21:18:37,True,great value for money,USER_0305,2023-09-13 21:18:37,2023,9,2023-09-13
KONGA_6610809_001,Konga,2961356,6610809,Nivea Orange & Avocado Oil Shower Gel For Women -500ml + Dry Comfort Spray For Women - 200ml,the products came as described and seen in the picture ,5,Beauty,2025-04-18 03:17:04,True,the products came as described and seen in the picture,USER_0350,2025-04-18 03:17:04,2025,4,2025-04-18
